"user","item","x","observed","liked"
1,1,1.54688133441627,1,1
2,1,0.178920971863378,1,0
3,1,-0.282546591643236,1,1
4,1,-0.76729877857509,0,0
5,1,-0.576404240243122,1,0
6,1,-0.914855840000763,1,0
7,1,0.369910961287378,0,1
8,1,-1.46768436330169,1,0
9,1,-1.74536197840808,1,0
10,1,-0.66738180392146,1,0
11,1,1.08427900648207,1,1
12,1,0.122831641432163,1,0
13,1,-0.494249394753101,1,0
14,1,0.669588183914499,1,1
15,1,-0.351478853334928,1,1
16,1,-0.11498040088108,1,0
17,1,0.0729869418013214,1,0
18,1,1.08877461255298,0,1
19,1,1.29256873846574,1,1
20,1,1.28251129409906,1,1
21,1,0.979056118294658,0,0
22,1,0.329469783429092,1,0
23,1,1.8796357177335,1,1
24,1,2.04289903105136,1,1
25,1,1.32857637262015,1,0
26,1,-0.219668643736572,1,0
27,1,-1.0400474315513,1,1
28,1,0.19294978270913,1,0
29,1,-0.555236251879244,1,0
30,1,0.274990889851362,1,0
31,1,-0.55051340508595,1,1
32,1,0.921259893093488,1,1
33,1,2.18945599237245,1,1
34,1,0.963994790082482,1,0
35,1,0.741818476272659,1,1
36,1,0.037356564959467,1,0
37,1,2.18083368623473,1,1
38,1,-0.0795852035074668,1,0
39,1,1.37629502882361,1,1
40,1,1.57531667679071,1,1
41,1,0.160376978407948,1,0
42,1,-3.25322007290293,1,0
43,1,-0.329930487313703,1,1
44,1,0.457089825662592,1,0
45,1,-1.30410375743438,1,0
46,1,-1.29117343884522,1,0
47,1,0.906379731668726,1,1
48,1,-2.79596149521123,1,0
49,1,0.233560571320303,1,0
50,1,-0.269035938649161,1,0
51,1,-0.658545055017142,1,1
52,1,0.0633457930705781,1,0
53,1,0.0544768390649905,1,0
54,1,0.247009323436638,1,1
55,1,0.124035547905759,1,1
56,1,-0.535256699607607,1,0
57,1,0.258482591385961,1,0
58,1,1.38770886795755,1,1
59,1,0.667170446299684,1,1
60,1,1.49704945208069,1,1
61,1,-0.274880403443707,0,0
62,1,0.583075843370735,1,1
63,1,0.503358526281824,1,1
64,1,-0.74324768197525,1,0
65,1,-0.816877585453861,1,0
66,1,1.87028368106197,1,1
67,1,-0.827253044046263,1,1
68,1,0.950712693584276,1,1
69,1,-0.266172351060701,1,0
70,1,-1.0990821816966,1,0
71,1,-1.53421754307361,1,1
72,1,-1.20630985963392,1,0
73,1,-1.95002527285931,1,0
74,1,-0.884040029631817,1,0
75,1,0.973405985201601,1,1
76,1,-0.580971315835475,1,0
77,1,1.73676738151204,1,1
78,1,-0.172675318153217,1,0
79,1,-0.937992531749062,1,1
80,1,-0.28459365979305,0,0
81,1,-0.589018101666963,1,0
82,1,-0.44393142602891,1,0
83,1,0.0599965734692298,1,1
84,1,0.0822329488652121,1,0
85,1,0.758397523687175,1,0
86,1,0.539662990903339,1,0
87,1,0.776647646532491,1,1
88,1,0.132171664674437,1,0
89,1,-0.806865299790739,1,0
90,1,0.449350085786593,1,0
91,1,0.41264145683315,1,1
92,1,-0.403614049111987,1,0
93,1,-0.38808827747742,1,0
94,1,1.09518774784029,1,1
95,1,1.34048004305313,1,1
96,1,0.114405546675648,1,0
97,1,-0.392264620281621,1,0
98,1,1.65235784319754,1,1
99,1,-1.24369760877461,1,1
100,1,-0.911925870779559,1,0
1,2,0.850043471893941,1,1
2,2,-0.925312995099251,1,1
3,2,0.893581214441206,1,0
4,2,-0.941009737811872,0,0
5,2,0.538952094101553,1,1
6,2,-0.181974398105336,1,1
7,2,0.891767594965122,1,1
8,2,1.32920820523491,1,1
9,2,-0.103466125206476,0,0
10,2,0.615064610722324,1,1
11,2,-1.7997723953362,0,0
12,2,-0.262705141643009,1,0
13,2,-1.21014187687842,1,0
14,2,0.204477252550871,1,1
15,2,-0.0139941045119107,1,0
16,2,-0.235200839818886,1,0
17,2,-0.188318654237954,1,0
18,2,0.951283068840505,1,1
19,2,-0.154014785973495,1,0
20,2,1.85424450475186,1,1
21,2,-1.90416735438949,0,0
22,2,0.359299701900462,1,1
23,2,2.1145349462097,1,1
24,2,-1.13574898684316,1,0
25,2,-0.796255985784339,1,0
26,2,-0.397569450150752,1,1
27,2,0.0917240415455821,1,0
28,2,-0.238694074135277,1,0
29,2,-0.461962363699386,1,0
30,2,1.9263406073496,1,1
31,2,0.122054814822625,1,0
32,2,1.09205057650629,1,1
33,2,-2.97225747544741,1,0
34,2,1.12848905096528,1,1
35,2,1.31200012901363,0,0
36,2,-0.48260797306504,1,0
37,2,-0.224858996653821,1,0
38,2,1.66776531087937,1,1
39,2,0.0412185323166061,0,0
40,2,1.03817484555139,1,0
41,2,0.587642933342248,1,0
42,2,-0.158299577145634,1,1
43,2,-0.292085414891579,1,0
44,2,-1.41989896333921,1,0
45,2,-2.13831802520847,1,0
46,2,-0.0225001049025996,1,1
47,2,0.269770953624943,1,0
48,2,-0.502969399031042,1,0
49,2,0.630807390367713,1,0
50,2,0.474565208416551,1,1
51,2,-0.340659061576436,1,0
52,2,0.0496015595221469,1,0
53,2,1.2952631908601,1,1
54,2,0.314624204958306,1,1
55,2,0.801572503702334,1,0
56,2,0.486058896232458,1,0
57,2,1.72556105665083,1,1
58,2,0.102432860750801,1,1
59,2,-0.989837074939336,1,0
60,2,-0.460441208998887,1,0
61,2,0.237661491971588,1,0
62,2,-0.269397264170906,1,1
63,2,-0.169554069656641,1,0
64,2,0.664868973266608,1,1
65,2,-0.775550915205345,1,0
66,2,-1.91926113102924,1,1
67,2,2.01933253963338,1,1
68,2,0.435210514869015,1,0
69,2,1.05016883215485,1,1
70,2,-0.312114840650401,1,1
71,2,0.0936176173045456,1,0
72,2,-2.15318775058657,1,0
73,2,0.357993071026488,1,0
74,2,0.467864811329475,1,1
75,2,-0.906688834876339,1,0
76,2,-0.529349915526749,1,0
77,2,1.34357671685515,1,1
78,2,0.46943405662348,1,1
79,2,-0.253105087750424,1,0
80,2,0.369103715328425,0,0
81,2,-1.34670719045078,1,0
82,2,1.1719354256206,1,1
83,2,-1.9087363449263,1,0
84,2,-1.00439081062399,1,0
85,2,0.676687513659109,1,1
86,2,1.15232174421702,1,1
87,2,-1.73275991756331,1,0
88,2,0.601308856586064,1,0
89,2,0.341650314074502,0,0
90,2,-0.0352810090657197,1,1
91,2,-0.626165019795731,1,0
92,2,-0.855971209746084,1,0
93,2,0.151777841973793,1,0
94,2,1.20637269384613,0,1
95,2,-1.48857788320267,1,0
96,2,-1.05037412306876,1,0
97,2,1.63787411690859,1,1
98,2,-1.20733418120328,1,1
99,2,-2.62615508460277,1,0
100,2,0.0174632661510191,1,0
1,3,0.344194027368263,1,1
2,3,0.0127198373321256,1,0
3,3,-0.873450133188962,1,0
4,3,0.342800284341219,1,0
5,3,-0.177387754282478,1,1
6,3,0.921433254590606,1,0
7,3,0.300944402209543,1,0
8,3,0.693386752709799,1,0
9,3,0.325471906278775,1,1
10,3,0.408051022728875,1,0
11,3,0.759842255891014,0,0
12,3,-2.28715352045041,1,0
13,3,0.517838261588457,1,1
14,3,-1.34723625828609,0,0
15,3,0.363159858868327,1,0
16,3,1.31475256465827,1,1
17,3,-0.448305910907794,1,1
18,3,-0.80816446825925,0,0
19,3,-0.0862684990395799,0,0
20,3,1.58542427252084,1,1
21,3,0.101057448186687,1,1
22,3,0.148762211652968,1,0
23,3,-0.546434668144039,1,0
24,3,-0.527675587264115,1,0
25,3,-0.139871559492049,0,1
26,3,-1.58941141444985,1,0
27,3,1.23410416568767,1,0
28,3,-0.335454848332105,1,0
29,3,-2.00100250680987,1,1
30,3,-0.0174584027383683,1,0
31,3,-0.240966895843615,1,0
32,3,-1.79198939892252,1,0
33,3,2.04969151122701,1,1
34,3,-1.11721761151088,1,0
35,3,-1.35354954481764,1,0
36,3,0.451302311030919,1,0
37,3,1.0332274248505,1,1
38,3,-0.195885695113888,1,0
39,3,0.227310386780745,1,0
40,3,-1.10219974998749,1,0
41,3,0.95527736854135,1,1
42,3,0.31283044591251,1,0
43,3,0.10100571319913,0,0
44,3,0.748115414290238,1,1
45,3,0.998960894793609,1,1
46,3,-0.732515309013158,1,0
47,3,0.480895240110787,1,0
48,3,-0.989450308257357,1,0
49,3,2.22955904834575,1,1
50,3,0.456736599588872,0,0
51,3,-0.0358154435846572,1,0
52,3,-0.49044270641976,0,0
53,3,-0.220566611180815,1,1
54,3,-1.10120936078499,1,0
55,3,0.063470471357051,1,0
56,3,0.583525933087138,1,0
57,3,-0.513358846194759,1,1
58,3,-0.812552121927585,1,0
59,3,-1.62931990551456,1,0
60,3,0.568905706511775,0,0
61,3,0.333783306704956,1,1
62,3,-0.211322559368946,1,0
63,3,-0.551097930399239,1,0
64,3,0.258361128941135,1,0
65,3,-1.375210446411,1,1
66,3,-1.4727541491027,1,0
67,3,-1.44520967284587,1,0
68,3,-0.361288424621171,1,0
69,3,0.79070996473063,1,1
70,3,0.714657846323989,1,0
71,3,-0.565153517298012,1,0
72,3,1.41801430342912,1,1
73,3,-1.14575678099,1,1
74,3,-0.492817822952378,1,0
75,3,-0.73305227365599,1,0
76,3,0.15923208035453,1,0
77,3,-1.75119295921948,1,1
78,3,1.18483086705245,1,0
79,3,1.20703160102077,1,0
80,3,0.977649326530504,1,1
81,3,-0.0819917440431946,1,1
82,3,1.15626342259789,1,1
83,3,0.486796336752512,1,0
84,3,0.95884866279506,1,1
85,3,0.177792371188778,1,1
86,3,0.292250881034058,1,0
87,3,-2.11334068465336,1,0
88,3,-0.538047910821091,1,0
89,3,1.01402558475317,1,1
90,3,0.101269641473852,1,0
91,3,-1.21870737154808,1,0
92,3,-0.958376792791154,1,0
93,3,-0.555797484605983,0,1
94,3,2.12187591164329,1,1
95,3,-0.179589987560952,1,0
96,3,-0.644735408242739,1,0
97,3,-2.09258377175654,1,1
98,3,-1.90187083769886,1,0
99,3,1.22225027632159,1,1
100,3,-0.851220441380158,0,0
1,4,1.62120288295757,1,1
2,4,-0.329102801964517,1,0
3,4,-2.32640952744011,1,0
4,4,2.1929979995365,1,1
5,4,-1.08247997639693,1,0
6,4,-0.506360967360063,0,0
7,4,0.0959189568330369,1,0
8,4,-0.120165257941563,1,1
9,4,-1.51866762967456,1,0
10,4,-1.51058506284295,1,0
11,4,1.3956049282303,1,1
12,4,-0.708421944079962,1,1
13,4,0.827938353109991,1,1
14,4,1.70775583721357,1,1
15,4,-0.779166556871574,1,0
16,4,-0.706899068671983,1,1
17,4,-1.99290251051536,1,0
18,4,1.89987653291093,1,1
19,4,-0.756206935872664,0,0
20,4,-0.377955779724224,1,1
21,4,-1.36395480148574,1,0
22,4,0.74195815930761,1,1
23,4,1.61097599601383,1,1
24,4,0.227387446895332,0,1
25,4,-0.400515673917362,1,0
26,4,-1.66958039964306,0,0
27,4,1.4907010973021,1,1
28,4,0.691487433198398,1,1
29,4,-0.0409774766647957,1,1
30,4,1.20434485267842,1,1
31,4,1.29851496357034,0,1
32,4,-0.462217020759918,1,1
33,4,-1.22577374782218,1,0
34,4,0.963266754105759,1,1
35,4,0.693211227960882,1,1
36,4,-0.501393165926139,1,1
37,4,3.15397141698372,1,1
38,4,-2.54910689501694,1,0
39,4,-0.00813808482908667,1,0
40,4,1.1387806409713,0,1
41,4,1.48234646794641,0,1
42,4,0.975845008963832,1,1
43,4,0.14835029328322,1,0
44,4,0.788908757307724,1,1
45,4,0.557581219707707,1,1
46,4,-0.0273943930429063,1,0
47,4,-0.877074958800242,1,0
48,4,1.2162434707284,1,1
49,4,-0.351249812274922,1,0
50,4,-0.294393117373541,1,1
51,4,0.253137809458962,1,1
52,4,0.0114979858264514,1,1
53,4,-1.97578396222506,1,0
54,4,-0.426326723861569,1,0
55,4,0.612302560110158,0,1
56,4,1.2308141088357,1,1
57,4,-1.27080780802968,1,0
58,4,-0.650555663503596,1,0
59,4,-2.44316623718536,1,0
60,4,0.996548594518466,1,1
61,4,0.00511352840900145,1,1
62,4,0.791024763837734,1,1
63,4,-0.563191536791144,1,0
64,4,0.213826202698897,1,1
65,4,0.977082664102224,1,1
66,4,-0.234161102635821,1,0
67,4,0.848660553954768,1,1
68,4,0.653970890565347,1,1
69,4,-1.59057002627388,1,0
70,4,0.309423132913911,1,1
71,4,-2.4859821898856,1,0
72,4,-0.278439107296112,1,1
73,4,-0.552433759333541,0,0
74,4,0.87604207279027,1,1
75,4,0.293483694441495,1,0
76,4,-0.597222046871897,1,1
77,4,-0.157203603307554,1,1
78,4,0.184185060278362,1,1
79,4,-1.01303201429879,1,0
80,4,-0.679843404739828,1,1
81,4,-1.24269361449976,1,0
82,4,-1.53501873647929,1,0
83,4,-0.524540013110409,1,0
84,4,-0.0185273854581721,0,1
85,4,-1.56814717115897,1,0
86,4,0.467851674195392,1,1
87,4,-0.667828863981452,1,0
88,4,0.311082359587522,1,1
89,4,0.142551004168543,1,1
90,4,-0.374034720730812,0,0
91,4,-1.94492637603576,1,0
92,4,-1.59768131407039,1,1
93,4,-2.54065786097916,0,0
94,4,1.36204724954097,1,1
95,4,-0.360666003351832,1,0
96,4,1.93639731086409,1,1
97,4,-1.45588379753146,1,0
98,4,1.48190570829728,1,1
99,4,1.0761196360479,1,1
100,4,-0.757488401365975,1,1
1,5,0.714085544432429,1,1
2,5,0.581384629232897,1,1
3,5,-0.146723902426033,0,1
4,5,1.50698177745129,1,1
5,5,-0.279532643245176,0,0
6,5,2.02773873329871,1,1
7,5,-1.19574019582924,1,1
8,5,1.31231789167378,1,1
9,5,-0.524007512771118,1,0
10,5,0.354249509141301,0,1
11,5,-0.0716744876824941,0,1
12,5,-0.133144306285028,1,0
13,5,-0.0880773843693027,1,0
14,5,0.917788931310637,1,1
15,5,0.031439264369752,1,1
16,5,1.35893058212786,1,1
17,5,0.113494845099203,1,1
18,5,0.174306546340086,1,0
19,5,-0.053480404684855,1,1
20,5,-0.424758034043152,1,0
21,5,0.207911552099919,1,1
22,5,0.99292291778912,1,1
23,5,0.813857888451312,1,1
24,5,0.996005583833509,1,1
25,5,1.73274427091968,1,1
26,5,0.357042034431723,1,1
27,5,0.15572633458215,1,1
28,5,1.55278865626246,0,1
29,5,-0.0640696178455259,1,1
30,5,-1.00821875816368,1,0
31,5,-0.892895523657041,0,1
32,5,-0.654514621220146,1,0
33,5,-1.4337828285212,1,0
34,5,1.41818435319827,1,1
35,5,-0.593885665293328,1,1
36,5,1.11897179804218,1,1
37,5,2.38408156329113,1,1
38,5,-0.40328649415479,1,0
39,5,0.370108558443746,1,1
40,5,-0.575293013734413,0,0
41,5,2.91922880714949,1,1
42,5,-1.07891478952188,1,0
43,5,1.17849132928048,1,1
44,5,0.869602773179034,1,1
45,5,0.931166309798506,1,1
46,5,1.02468122759902,1,1
47,5,0.612975056104969,1,1
48,5,0.608190081478319,0,1
49,5,-0.892891710239735,1,0
50,5,0.452035606317074,1,1
51,5,-0.374712307021741,0,1
52,5,2.84018514503792,1,1
53,5,0.732393453235039,1,1
54,5,0.840518928246033,1,1
55,5,-2.2196521173488,1,1
56,5,-1.3274637820721,1,0
57,5,-0.976660698145144,1,0
58,5,-0.587075872029574,0,0
59,5,-0.568012815275937,1,1
60,5,0.643640956726207,1,1
61,5,-0.237307107556194,1,0
62,5,-0.298578025706688,1,0
63,5,1.18956255922974,1,1
64,5,-2.10894120385805,1,0
65,5,-0.0732820039954618,1,1
66,5,0.863402869273734,0,1
67,5,1.07470746145087,1,1
68,5,-0.205852630215998,1,0
69,5,-0.433613832458068,1,0
70,5,-0.182223784408139,1,1
71,5,-0.431078672978459,1,1
72,5,-0.424609610431925,0,0
73,5,-1.3538196764308,1,0
74,5,-0.196594948982215,1,0
75,5,0.234116136807353,1,1
76,5,-0.557206294019108,1,0
77,5,-1.11332527493423,1,0
78,5,-1.63063542586023,1,0
79,5,-0.387823881460715,1,1
80,5,1.72263201663562,1,1
81,5,-0.558500300160839,1,0
82,5,-0.636660846087287,1,0
83,5,2.78138713385586,1,1
84,5,-1.95725587639345,0,0
85,5,0.142527896359,1,0
86,5,0.664498798923618,1,1
87,5,-0.478627492484917,1,1
88,5,1.18368958312197,1,1
89,5,0.805437291322411,1,1
90,5,0.0533177579003455,1,1
91,5,-1.1673464152494,1,1
92,5,0.323350155867517,0,1
93,5,-0.320783022434152,1,0
94,5,-0.885950264101112,1,0
95,5,0.151278171838043,1,1
96,5,0.57936347204544,1,1
97,5,-0.0791668261764699,1,0
98,5,0.848767635305161,1,1
99,5,-2.51103348713237,1,1
100,5,0.738477114377377,1,1
1,6,-0.570994285312183,1,0
2,6,0.286539016362005,1,1
3,6,1.14761985588741,1,1
4,6,0.139558702073078,1,0
5,6,0.0889266087987601,1,1
6,6,-2.63015931699317,0,1
7,6,-1.21722083212186,1,0
8,6,0.749152578850181,1,1
9,6,-1.41593292411236,1,0
10,6,-0.112382661837672,1,1
11,6,0.304032006042898,1,0
12,6,-0.354012804948049,1,0
13,6,-0.851242489529453,1,0
14,6,-1.46117307516936,1,1
15,6,0.264251846213868,1,1
16,6,-1.90735794401727,1,0
17,6,-0.925231266230656,1,0
18,6,-0.11157129294476,1,1
19,6,-0.965234425432678,1,0
20,6,-0.162898923853373,1,0
21,6,0.860184054944303,1,1
22,6,0.0180987749773109,1,1
23,6,0.13726245583651,1,1
24,6,1.59888607124798,1,1
25,6,-0.11130084868045,1,0
26,6,0.285455873566112,0,1
27,6,-1.98390989606672,1,0
28,6,0.0307402181073715,1,0
29,6,-0.760004886262192,0,0
30,6,-1.22401321751577,0,1
31,6,1.00236665253138,1,1
32,6,-0.0215414228588399,1,1
33,6,0.94532133928423,1,1
34,6,-0.908491216197208,1,1
35,6,-2.40220222687674,1,0
36,6,0.162938047526826,1,0
37,6,0.943208930634555,1,1
38,6,2.54460486023111,1,1
39,6,0.887190933493354,1,1
40,6,1.06043676648591,1,1
41,6,-0.615747889000869,1,0
42,6,0.352854881416532,0,1
43,6,-0.475328128308476,1,0
44,6,0.422056369813675,1,1
45,6,-1.1835591542214,1,0
46,6,-0.383749583492094,1,1
47,6,-1.45966580569284,0,0
48,6,0.0457732244649357,1,1
49,6,0.452456113831145,1,1
50,6,0.0575658703764589,1,1
51,6,-0.63869385314868,1,0
52,6,-0.23868131830546,1,0
53,6,-1.64290262156884,1,0
54,6,-0.222574570956619,0,1
55,6,-1.77556845073388,1,0
56,6,-0.0154659027849208,1,1
57,6,1.7510468744589,1,1
58,6,0.704206505549981,1,1
59,6,1.48101932421716,1,1
60,6,1.35288791215922,1,1
61,6,-0.329957835667702,1,0
62,6,0.363498740513271,1,1
63,6,-1.82766273311387,1,0
64,6,0.893777744052533,1,1
65,6,-0.719124934258425,0,0
66,6,0.940509519826436,1,1
67,6,-1.87115759094389,1,0
68,6,1.1470027171805,1,1
69,6,-0.502991094870725,1,0
70,6,1.42589836833203,0,1
71,6,-0.0193399555708498,1,1
72,6,-0.638073726419699,1,0
73,6,0.498271000392072,1,1
74,6,-0.0582467351906532,1,1
75,6,-0.626216777775201,1,0
76,6,-0.89462076076131,1,0
77,6,2.4100602149449,1,1
78,6,-0.949647250572148,1,1
79,6,0.559151500570031,1,1
80,6,-0.211414689679582,1,0
81,6,-1.01785480180753,1,0
82,6,-1.39019098922727,0,1
83,6,-1.48862930913481,1,0
84,6,-1.40604463352557,1,0
85,6,-1.49623548221371,1,0
86,6,0.686145924102054,1,1
87,6,-0.236761630680826,1,1
88,6,1.99914242920796,1,1
89,6,0.633238682895559,0,1
90,6,1.64819754690779,1,1
91,6,0.502718643389684,1,1
92,6,0.845467412356198,1,1
93,6,0.467247395729231,1,1
94,6,-0.402055063696625,1,1
95,6,0.923526703253396,1,1
96,6,-0.0080556407117813,1,1
97,6,1.03378423761425,1,1
98,6,-0.799126981726699,1,1
99,6,1.00423302095334,1,1
100,6,-0.311973356192691,1,0
1,7,-0.88614958536232,1,1
2,7,-1.9222548962705,0,0
3,7,1.61970074406333,1,1
4,7,0.519269904664384,1,0
5,7,-0.055849931834021,0,1
6,7,0.696417610118512,0,0
7,7,0.0535156788292137,1,0
8,7,-1.31028349719307,1,0
9,7,-2.12306605809801,0,1
10,7,-0.208078589007654,1,0
11,7,-0.312786579520356,0,0
12,7,-1.05823570968124,1,0
13,7,0.417223595566457,1,1
14,7,-0.315451534215849,1,0
15,7,0.82554913408199,1,1
16,7,1.29127203757818,1,1
17,7,-0.625104977916382,1,1
18,7,-0.87514675454924,1,0
19,7,0.14335694280806,1,0
20,7,1.42518963325776,1,1
21,7,-1.7347494260304,1,1
22,7,-0.837404647022428,1,0
23,7,-0.715752615389938,1,0
24,7,0.374820958042662,1,0
25,7,2.38332796196972,1,1
26,7,-0.46391296156182,1,0
27,7,-0.426500402118622,1,0
28,7,-1.7030952143982,1,0
29,7,-1.04149735602985,1,1
30,7,0.768734962012234,0,1
31,7,-0.74532037743636,1,0
32,7,-0.486471495507802,1,0
33,7,-0.353039444838667,1,1
34,7,-0.0623005243988452,1,0
35,7,1.61961510955958,1,1
36,7,1.24621140625639,1,0
37,7,2.00858995573927,1,1
38,7,-1.85441951282407,1,0
39,7,-0.462714382489477,1,0
40,7,1.04310383332729,1,1
41,7,-0.303837521371803,0,1
42,7,0.318080700037989,1,0
43,7,-0.648749008450818,0,0
44,7,-1.86890434352981,1,0
45,7,-1.20699657864546,1,1
46,7,1.89725805765655,1,1
47,7,-0.261585559466751,1,0
48,7,1.78798171613725,1,1
49,7,0.867300515577598,1,1
50,7,0.702580937904198,0,0
51,7,1.62353223954902,1,1
52,7,-1.59015870924774,1,0
53,7,-0.609991214522565,1,1
54,7,-0.313281133735337,1,0
55,7,-0.922129768086484,1,0
56,7,-0.256480607956338,1,0
57,7,-2.08285463723404,1,1
58,7,-1.4171539793372,1,0
59,7,0.610781009704744,1,0
60,7,0.241520797914292,1,0
61,7,1.3039648225257,1,1
62,7,-0.334528577849582,1,0
63,7,-0.384539895488476,1,0
64,7,-0.421168211981295,1,0
65,7,-0.958355232914479,1,1
66,7,0.249116308442917,1,0
67,7,-1.17887936999387,0,0
68,7,0.49559328314573,1,0
69,7,-0.177704306126236,1,1
70,7,0.774733935719587,1,1
71,7,1.24794637649306,1,1
72,7,-0.416216757497457,1,0
73,7,-0.42971793567404,1,1
74,7,-0.0465252246593674,1,0
75,7,-0.658591540594635,1,0
76,7,1.60258407676699,1,1
77,7,-0.0636720487547397,1,1
78,7,0.868827634114335,1,0
79,7,0.378375480525493,1,0
80,7,1.41568816870243,1,1
81,7,-0.209026756578789,1,1
82,7,-2.67804459234963,1,0
83,7,0.609180470956189,1,0
84,7,-1.03364017718239,1,0
85,7,0.497391496417443,1,1
86,7,-0.973892336533007,1,0
87,7,-0.0944719078341068,1,0
88,7,-0.55397669395461,1,0
89,7,-0.245759575807179,1,1
90,7,-0.654785608807158,0,0
91,7,-0.983805242713974,1,0
92,7,0.196407460672124,1,0
93,7,-1.21652631223445,1,1
94,7,-0.285042864419352,1,0
95,7,-0.300346064814908,1,0
96,7,-0.638620500617601,1,0
97,7,1.74284789606923,1,1
98,7,-1.86940059565442,1,0
99,7,0.0311844918990805,0,0
100,7,-1.20911412955621,1,0
1,8,-1.34105094793775,0,0
2,8,-0.0457072264322655,0,0
3,8,2.18799111569512,1,1
4,8,1.42209579552564,1,1
5,8,0.183247021476489,1,0
6,8,-0.652932838380961,1,0
7,8,2.04255931610422,1,1
8,8,-0.234491194840375,1,1
9,8,-0.891424766586292,0,0
10,8,-1.35747030552191,1,0
11,8,-0.584027988054509,1,0
12,8,1.66809511696324,1,1
13,8,1.08574335585037,1,0
14,8,0.557528328618703,1,0
15,8,-1.63683281866016,1,0
16,8,-0.271538029632115,1,1
17,8,1.0917985539091,1,1
18,8,-0.313753260213032,1,0
19,8,-0.682023897202607,1,0
20,8,0.0520806864869834,1,1
21,8,-0.709296467839587,1,0
22,8,-0.354708314346325,1,0
23,8,2.39503334179611,0,1
24,8,0.551009936822662,1,1
25,8,1.24878589516192,1,1
26,8,0.0494701524457691,1,0
27,8,-0.455548815270433,1,0
28,8,0.657889402027386,1,1
29,8,-1.48546741238514,1,0
30,8,1.46918454895137,1,1
31,8,-0.221761166104173,1,0
32,8,-3.02230321365538,1,1
33,8,-0.869095539586013,1,0
34,8,-0.413891554934754,1,0
35,8,1.98921826495574,1,1
36,8,-0.078989767510778,1,1
37,8,-1.48382894682663,1,0
38,8,-0.286871051313951,1,0
39,8,-0.901023769016841,1,0
40,8,-1.574017112396,1,1
41,8,-0.668314931523572,1,0
42,8,-1.85616451407826,1,0
43,8,2.68392291802792,1,1
44,8,0.278246735587241,1,1
45,8,0.625069616682233,1,0
46,8,-1.15143250208533,1,0
47,8,1.29566730742514,1,0
48,8,0.522128473389211,1,1
49,8,-0.938626500416387,1,0
50,8,-0.107737862273648,1,0
51,8,-0.39963150834139,1,0
52,8,1.28670136272781,0,1
53,8,-0.163649099670905,1,0
54,8,1.08522983690742,1,1
55,8,0.729831945274563,1,1
56,8,-0.299175593962755,1,1
57,8,-0.0499186138728137,1,0
58,8,-0.862410305624267,1,0
59,8,-0.497998098950626,0,0
60,8,-1.39591821707638,1,1
61,8,-0.424377209108075,1,0
62,8,-0.364887330459423,1,0
63,8,-0.218080698235093,1,0
64,8,2.49935178789941,1,1
65,8,0.145173889834543,1,0
66,8,-1.4778034432459,1,0
67,8,0.929243486796702,1,0
68,8,-0.288020655264367,1,1
69,8,1.40937245611348,1,1
70,8,0.053768001220129,1,0
71,8,1.60676777835353,1,1
72,8,-0.0172271235923625,1,1
73,8,-0.542639050559564,1,0
74,8,1.9786926597401,0,1
75,8,-1.36611264523146,1,0
76,8,0.424896361470324,1,1
77,8,-0.976309021479906,1,0
78,8,1.19297168388268,1,1
79,8,0.440959630244447,1,0
80,8,-0.429097559489887,0,1
81,8,-0.377664266101451,0,0
82,8,0.888700057764328,1,1
83,8,-1.06500611114445,1,0
84,8,-0.777271197344697,1,1
85,8,0.40786263410391,1,0
86,8,0.750271673481492,1,0
87,8,-1.71500317257465,1,0
88,8,0.192254686867909,1,1
89,8,-1.16173323791098,1,0
90,8,-0.64182866447016,1,0
91,8,1.31243918737546,1,1
92,8,1.001540094408,1,1
93,8,-0.19352784002616,0,0
94,8,-0.9331768198576,1,0
95,8,0.310329445057101,1,0
96,8,1.58332171358656,1,1
97,8,0.906149174876552,1,0
98,8,0.401142830956497,1,0
99,8,0.0756974415287978,1,0
100,8,1.05948916812251,1,1
1,9,0.916938037311124,1,0
2,9,0.809273076943848,1,0
3,9,-0.711622278677474,0,1
4,9,-2.68958517903653,1,0
5,9,-0.567047025402639,1,0
6,9,1.29919883255821,1,0
7,9,-0.190291544554818,1,1
8,9,-0.638048333690776,0,0
9,9,-2.03538388162579,1,0
10,9,-0.604372355447083,1,0
11,9,-0.808161889076339,1,1
12,9,-0.606779178488506,1,0
13,9,0.0869088205053803,1,0
14,9,-0.234297029397194,0,0
15,9,1.26252689567853,1,1
16,9,-1.56379809166681,1,0
17,9,-1.49347152278348,0,0
18,9,-1.09713482195183,0,0
19,9,-0.0291067478840087,1,1
20,9,2.17368491956429,1,1
21,9,1.36978704873579,1,1
22,9,-0.378380661488477,1,0
23,9,-0.778744876326706,1,1
24,9,1.26408532917631,1,0
25,9,0.308013117041762,1,0
26,9,-0.418501689523395,1,0
27,9,-0.0376429295763268,1,1
28,9,1.18729856637511,1,1
29,9,-0.105657693844905,1,0
30,9,0.202441652299197,1,0
31,9,0.780408474277473,1,1
32,9,-0.542142379532731,0,0
33,9,-2.02653214649499,1,0
34,9,-0.0216719936807863,1,0
35,9,1.22228260594031,1,1
36,9,-0.173681631884584,1,0
37,9,0.664013191727257,1,1
38,9,-0.547838197912795,1,0
39,9,-0.917442005441945,0,1
40,9,0.437105753033052,1,0
41,9,-0.384968561551574,0,0
42,9,0.842375303778161,1,0
43,9,0.953016305056382,1,1
44,9,-0.410631815753392,1,0
45,9,0.100808276763203,1,0
46,9,0.920755693184037,1,1
47,9,1.45959521489172,1,1
48,9,-0.396842534166212,1,0
49,9,-0.483083828777405,1,0
50,9,-0.316219132316045,1,0
51,9,1.21000394782544,0,1
52,9,-0.75298064796168,1,0
53,9,-0.649267243627047,1,0
54,9,-0.25424445327965,0,0
55,9,-1.29636955777937,1,1
56,9,-0.424657090715449,1,0
57,9,-0.399155728619728,1,0
58,9,0.0598749090244955,1,0
59,9,0.680677864359805,1,1
60,9,1.56942176085768,1,1
61,9,0.811309021886984,1,0
62,9,-1.27126792541147,1,0
63,9,1.50467588437595,1,1
64,9,0.806987101038061,1,1
65,9,0.0645769808025886,1,0
66,9,1.34405371053338,1,1
67,9,0.541897771884441,1,1
68,9,-0.154065040866368,1,0
69,9,-0.582331651747986,1,0
70,9,0.886588633178034,1,1
71,9,-2.21115696793904,1,0
72,9,-0.154888281093838,0,0
73,9,-1.12711344946393,1,0
74,9,-2.0201170359968,1,0
75,9,0.222627003401442,1,1
76,9,-0.127903122118574,1,0
77,9,-2.02404513877355,1,0
78,9,-0.279678879183236,1,0
79,9,0.420630659980623,1,1
80,9,0.642884936877863,0,0
81,9,0.294381382694261,1,0
82,9,0.719141732450454,0,0
83,9,0.192504699318315,0,1
84,9,0.36743963595642,1,0
85,9,-0.11339892170305,1,0
86,9,-1.03659361554291,1,0
87,9,0.252591163499661,1,1
88,9,0.92254542259099,1,0
89,9,2.27493594555922,1,1
90,9,-0.4414386682088,1,0
91,9,0.0117520326654933,1,1
92,9,-2.12699307927022,1,0
93,9,-0.792114565900454,1,0
94,9,1.28881808340777,1,1
95,9,-0.254336528393991,1,1
96,9,0.568885735628597,1,0
97,9,0.667450330177768,1,0
98,9,-0.949624291823464,1,0
99,9,0.0155086723690204,1,1
100,9,0.232532403876864,1,0
1,10,-0.31168916045945,1,0
2,10,0.205749057657957,1,1
3,10,-0.653986924827893,1,0
4,10,-1.15325770732252,1,0
5,10,0.527490918982484,1,0
6,10,1.39391910941029,1,1
7,10,0.18163055610461,1,0
8,10,-0.0693015234885069,1,0
9,10,-0.294465386532543,1,0
10,10,1.41403033530268,1,1
11,10,1.09999772979784,1,1
12,10,1.40441124180377,1,1
13,10,0.623132278005593,1,0
14,10,0.273942896727816,1,1
15,10,0.49964579288254,1,0
16,10,0.263341483514055,1,0
17,10,-1.2001182774584,1,0
18,10,2.15178194201986,1,1
19,10,-1.145469601333,1,0
20,10,0.952305694430701,1,1
21,10,-1.23592403203755,1,0
22,10,-0.893846356054158,0,1
23,10,-0.7089109834713,0,0
24,10,-1.19765706762331,1,0
25,10,-0.0700903423260169,1,0
26,10,-0.849229429807808,1,1
27,10,0.156863358630424,1,0
28,10,2.01741510883182,1,1
29,10,0.737592620068243,1,0
30,10,-1.69158922396172,1,1
31,10,0.477716591999452,1,0
32,10,0.0746825133798951,0,0
33,10,1.9424313403825,1,1
34,10,0.505147383068437,1,1
35,10,-0.258461577152228,1,0
36,10,-1.2624715436231,1,0
37,10,0.0467896381203125,0,0
38,10,1.18997076537587,1,1
39,10,-0.894031164622487,1,0
40,10,-0.765291306202586,1,0
41,10,0.984525032892098,1,1
42,10,0.916771844367021,0,1
43,10,-0.289544655064722,1,0
44,10,-0.487510708419201,1,0
45,10,-0.271832628907198,1,0
46,10,1.10621753975541,1,1
47,10,0.0586232491474948,1,0
48,10,0.258656214428526,1,0
49,10,1.63140558307217,0,1
50,10,0.86936859651906,1,1
51,10,1.21704441715836,1,1
52,10,1.72039730214527,1,1
53,10,-0.312777426306694,1,0
54,10,-0.102184702965795,1,1
55,10,0.167204471682409,1,0
56,10,0.456607433185569,1,0
57,10,-0.501574752421928,1,0
58,10,0.226939974073165,1,1
59,10,-0.708633122053544,1,0
60,10,0.353487396178715,1,0
61,10,-0.947197536472359,1,0
62,10,-0.232353004120933,1,1
63,10,1.39155568016188,1,1
64,10,-0.344223280207649,1,0
65,10,-0.697421985158733,1,0
66,10,0.585413441310793,1,1
67,10,-2.99510299027943,1,0
68,10,0.101985742736796,1,0
69,10,0.206759200930004,0,0
70,10,2.34442622834836,1,1
71,10,-0.560879083583482,0,0
72,10,-0.802221373593961,1,0
73,10,2.28543282824586,1,1
74,10,0.36724335283949,0,1
75,10,-0.00586595719077163,1,0
76,10,0.512077211428476,1,0
77,10,-0.447384224532706,1,0
78,10,-1.21103244229254,1,1
79,10,0.770953820805158,1,0
80,10,0.0890088693866029,1,0
81,10,-0.0989175936758863,1,0
82,10,-1.31572476019648,1,1
83,10,-0.79561659269378,0,0
84,10,0.482380757411327,1,0
85,10,-0.951630212108528,1,0
86,10,0.499536594645037,1,1
87,10,1.24215347091829,1,0
88,10,0.947279828507612,1,0
89,10,-1.32874880239981,0,0
90,10,0.126956787669901,1,1
91,10,0.00991538247555104,1,0
92,10,0.90496191831364,1,1
93,10,0.383216487630252,1,0
94,10,-1.30843004221806,1,1
95,10,-0.338359381732316,1,0
96,10,1.12718846777638,1,0
97,10,0.934729923663099,1,0
98,10,1.83059590944005,1,1
99,10,-0.980732659819636,1,0
100,10,-0.67074502026203,1,0
1,11,-0.374328923033932,1,1
2,11,0.995353828138999,1,1
3,11,0.102143508821335,1,0
4,11,1.48294372773341,0,1
5,11,0.560048682854967,1,1
6,11,0.142450958926083,1,0
7,11,1.82967173315288,1,1
8,11,0.51839780051344,1,0
9,11,0.691874261922361,1,1
10,11,0.0280100358299621,1,0
11,11,-0.165045150669891,0,0
12,11,-0.721035051201547,1,0
13,11,-1.28183022270816,1,1
14,11,-0.222848820825283,0,0
15,11,0.0273187797098661,1,0
16,11,1.82762783344905,1,1
17,11,1.17841191437309,1,1
18,11,-0.356311144925066,1,0
19,11,0.933794629899443,1,0
20,11,-1.08533921211607,1,0
21,11,0.11980643627905,1,1
22,11,0.471760499747085,1,0
23,11,-1.6973883619641,1,0
24,11,1.19270578079419,1,1
25,11,-0.687800122532551,1,1
26,11,-1.81045647167141,1,0
27,11,-1.24269855088918,1,0
28,11,-1.97075520655516,1,0
29,11,-0.412036665404596,1,1
30,11,0.825804061208806,1,0
31,11,-0.561558774366251,1,0
32,11,-1.22681728384888,1,0
33,11,-0.333583964748526,1,1
34,11,0.00617451505577059,0,0
35,11,0.246559481195228,1,0
36,11,0.447567913449668,1,1
37,11,-0.245017937545673,1,1
38,11,-0.0764333945495275,1,0
39,11,1.12304950909888,1,0
40,11,1.58075036031528,1,1
41,11,-0.827861327186223,1,1
42,11,0.491211652130323,1,0
43,11,0.0185769770195301,1,0
44,11,1.32094818545485,1,1
45,11,0.930230736309287,1,1
46,11,1.07621614442482,1,1
47,11,-0.300270613432989,1,0
48,11,1.04474062505454,1,0
49,11,0.709141110405417,1,1
50,11,-1.26940746350714,0,0
51,11,-0.932085734438952,1,0
52,11,1.37360719529989,1,1
53,11,-0.461052845117779,1,1
54,11,1.31569612187067,0,1
55,11,0.658934712426914,1,0
56,11,-1.07099085724512,1,0
57,11,-0.538986428161364,1,1
58,11,-1.29738814633453,1,0
59,11,0.190233485411363,1,0
60,11,-3.53958596119488,1,0
61,11,1.21139760121623,1,1
62,11,0.29088382011186,0,0
63,11,0.814770877380743,1,0
64,11,-0.222340612523746,1,0
65,11,1.4348308432557,1,1
66,11,0.189609124622576,0,0
67,11,-0.981587440172648,1,0
68,11,-0.0783011742939207,1,0
69,11,0.900741759575452,0,1
70,11,-1.44610478565579,1,0
71,11,-0.071477095321626,1,0
72,11,-0.796143609129133,1,0
73,11,-1.54543948313615,1,1
74,11,2.09620023554288,1,1
75,11,0.167346098880432,0,0
76,11,0.514098655546297,1,0
77,11,0.125394721328991,1,1
78,11,-1.58124779060728,1,0
79,11,0.0730407602207416,1,0
80,11,1.34769693635681,1,1
81,11,1.37539955945697,1,1
82,11,-0.517081329493958,1,0
83,11,1.51582710882422,1,1
84,11,1.49912572886303,1,1
85,11,0.814576969918441,1,1
86,11,1.66564854073976,1,1
87,11,1.01496869830099,1,1
88,11,0.527156146138147,1,0
89,11,-1.94493600434466,0,1
90,11,0.688310257495692,1,0
91,11,0.0763314178965426,1,0
92,11,-0.837499619356526,1,0
93,11,-0.150187061400433,1,1
94,11,-0.996213532625467,1,0
95,11,1.21660013338776,1,1
96,11,-0.171835289489714,1,0
97,11,-1.33395998056899,1,1
98,11,0.141560719859246,1,0
99,11,-1.29141105604798,1,0
100,11,-1.33248719429825,0,0
1,12,-1.8054835556734,1,0
2,12,-0.678040681614833,1,0
3,12,-0.473358051207888,1,0
4,12,1.0274170786444,1,1
5,12,-0.597387568754006,1,0
6,12,1.15984937728077,1,1
7,12,-1.33322688049967,1,0
8,12,-0.925755661705498,1,1
9,12,-1.07449512530901,0,0
10,12,-1.45111649529909,1,0
11,12,-0.588732163860088,1,0
12,12,-0.115384286877128,1,1
13,12,-0.720370868825172,1,0
14,12,0.0033002573416574,1,0
15,12,0.987361340420297,1,1
16,12,0.953509388776604,1,1
17,12,-1.70870131233114,1,0
18,12,0.293398785092327,1,0
19,12,-1.14900188882747,1,0
20,12,-0.175293900190847,1,1
21,12,0.035154801957687,1,0
22,12,-0.666786427974122,1,0
23,12,-0.815686817070391,1,0
24,12,0.121877368482829,1,1
25,12,0.0653540551699574,1,0
26,12,-1.72635251638306,0,0
27,12,-0.935586630459664,1,0
28,12,1.29865429816607,1,1
29,12,-0.589983651787971,1,0
30,12,0.555292978526416,1,0
31,12,-0.194943476102316,1,0
32,12,-0.688125437397462,1,1
33,12,0.0826986445058158,1,0
34,12,0.16814683195678,1,0
35,12,0.805546728822644,1,1
36,12,-0.212200869049578,1,1
37,12,-0.852429401883359,1,0
38,12,-1.29667481478582,1,0
39,12,-2.54466094581774,1,0
40,12,0.536258011619238,1,1
41,12,0.0234656656005183,1,0
42,12,1.04693098410088,1,1
43,12,-0.5064048609439,1,0
44,12,0.647961974876367,1,1
45,12,0.485718791304701,1,0
46,12,-1.20700151242928,1,0
47,12,-0.00297020085601345,1,0
48,12,1.5868597609769,1,1
49,12,-0.993224256190006,1,0
50,12,0.0600225555202971,1,0
51,12,0.657414520091774,1,0
52,12,-0.233107955329485,1,1
53,12,0.745678675692384,1,0
54,12,0.54107790476895,1,0
55,12,-0.835159081809374,0,0
56,12,0.134811864446898,1,1
57,12,-0.284421053650322,1,0
58,12,0.46668491467003,1,0
59,12,-1.10642259258373,1,0
60,12,-0.10782194203835,1,1
61,12,0.0502377393554855,1,0
62,12,0.310879061609049,1,0
63,12,0.178887489683565,1,0
64,12,-1.05978105778253,1,1
65,12,-0.973634523452443,0,0
66,12,-0.56133651080322,1,0
67,12,-1.28289865966547,0,0
68,12,1.98663776582478,1,1
69,12,0.0711847303990313,1,0
70,12,-0.402094025828771,1,0
71,12,-0.195765757604126,1,0
72,12,-0.393221778342938,1,1
73,12,-0.0901356091009884,1,0
74,12,-0.193311894185212,1,0
75,12,-0.632296235408075,1,0
76,12,-0.371683985604695,1,1
77,12,-0.732591874440364,1,0
78,12,-0.813287876683176,1,0
79,12,0.587752193839511,1,0
80,12,-0.532123435283901,1,1
81,12,1.47014135588169,1,1
82,12,0.126046063804915,1,0
83,12,0.877615253170725,1,1
84,12,-0.477464544690555,1,1
85,12,-2.24293116600069,0,0
86,12,0.0156187673475151,1,0
87,12,1.13216757964278,1,1
88,12,-0.0754051615052807,1,1
89,12,-0.443714905019145,1,0
90,12,0.260078388442021,1,0
91,12,0.0133417778467314,1,0
92,12,-0.963884516039117,0,1
93,12,1.65730762371294,1,1
94,12,-0.225065920497365,1,0
95,12,-1.51857493528141,1,0
96,12,-1.33558354270051,0,1
97,12,0.529528815523295,1,0
98,12,1.3932611409182,1,1
99,12,1.12662780770316,1,1
100,12,-0.0113593445829337,1,1
1,13,0.940336801971125,1,0
2,13,0.787855190484349,1,0
3,13,0.086941938083387,0,1
4,13,0.0328009706043174,1,0
5,13,1.55285735482629,1,1
6,13,-2.40487804171393,1,0
7,13,0.167329284881351,1,1
8,13,-0.403126681401769,1,0
9,13,-1.74584369594497,1,0
10,13,-0.693843121435514,1,0
11,13,-0.139666180672888,1,1
12,13,-0.458237969382293,1,0
13,13,0.983996778132203,1,1
14,13,0.687225473437696,1,0
15,13,-1.11060437331526,1,1
16,13,0.541586767943068,0,0
17,13,0.780177978442764,0,1
18,13,-1.19218892637239,1,0
19,13,-0.247267138108873,1,1
20,13,1.65407193138734,1,1
21,13,0.50303989515941,1,0
22,13,0.910053367012874,1,0
23,13,1.75621965936631,1,1
24,13,0.127037057543004,1,0
25,13,0.265966968936156,1,0
26,13,1.08003827895066,1,1
27,13,0.00936885081226534,1,1
28,13,0.384220243825296,1,0
29,13,-0.532972848261885,0,0
30,13,-0.822547689463243,1,0
31,13,-0.046654962586115,1,1
32,13,-0.562809635705197,1,0
33,13,0.786890999066481,1,0
34,13,-0.647566743813496,1,0
35,13,-0.780032486098414,1,1
36,13,-0.901525194198359,1,0
37,13,1.128544364619,1,0
38,13,-0.38382680029112,1,0
39,13,-0.593280585043915,1,1
40,13,-0.125025897084015,1,0
41,13,-0.482692273091015,1,0
42,13,1.67104539999695,1,1
43,13,0.685997297370749,1,1
44,13,-0.727653610732973,1,0
45,13,0.302091046239594,0,0
46,13,0.257656207099338,0,0
47,13,1.12497562439205,0,1
48,13,-0.310106452790176,1,0
49,13,0.824591886022512,1,0
50,13,1.17489290477857,1,1
51,13,1.97628793924985,1,1
52,13,-0.0361017966856595,1,0
53,13,0.0711682667395394,1,0
54,13,1.23354622243588,0,1
55,13,0.285783361145784,1,1
56,13,0.215801603761212,1,0
57,13,1.37532043319316,1,1
58,13,0.886581086697166,1,0
59,13,0.0175147907584673,0,1
60,13,-1.63385924072581,1,0
61,13,-0.100371462076069,1,0
62,13,1.129640049496,1,0
63,13,-0.511183590208103,1,1
64,13,-2.30805491934118,1,0
65,13,0.274707476597814,1,0
66,13,-0.622174860841636,1,0
67,13,-0.111508825976222,1,1
68,13,-0.114104627694276,0,0
69,13,-1.18533025202735,1,0
70,13,-0.175584394647378,1,0
71,13,-0.521263765961333,1,1
72,13,-0.221095148584033,1,0
73,13,-0.552877870816104,1,0
74,13,-0.438510047495829,1,0
75,13,-0.567620519784156,1,1
76,13,1.81772287362487,1,1
77,13,0.597776627126555,1,0
78,13,0.303722907810786,1,0
79,13,1.71795977635021,1,1
80,13,-0.892666422511259,0,0
81,13,0.573534752706902,1,0
82,13,-1.01235635498952,1,0
83,13,-0.482025397621928,1,1
84,13,0.511405751148038,1,0
85,13,-0.559887034549306,1,0
86,13,-0.482643607073649,1,0
87,13,1.47292606102964,1,1
88,13,1.59422246064106,1,1
89,13,-0.730869789022716,1,0
90,13,-0.0382892238599665,1,0
91,13,0.99176235732828,1,1
92,13,-1.86628306073355,1,0
93,13,-0.437333147103703,1,0
94,13,0.936080482562332,1,0
95,13,0.383184177276283,1,1
96,13,-0.301734678682412,1,0
97,13,-1.00425338006401,1,0
98,13,0.809796443106891,1,1
99,13,1.45965683471903,1,1
100,13,-2.19122580131585,1,0
1,14,-0.405339182535091,1,0
2,14,1.94067151189577,1,1
3,14,0.484965261176799,1,0
4,14,-0.202097263385456,0,0
5,14,-1.16962858408659,0,0
6,14,-0.36984609500006,1,1
7,14,0.7597938360206,1,0
8,14,0.197789090006425,1,0
9,14,-0.454736260732719,1,0
10,14,-0.920596783051049,1,1
11,14,-0.107707243347335,1,0
12,14,-1.20366246848664,1,0
13,14,2.67487085888599,1,1
14,14,1.57246508678391,1,1
15,14,0.67841919507748,1,1
16,14,0.116412602428405,1,0
17,14,-0.46631312529537,1,0
18,14,1.84623329220598,1,1
19,14,-1.29139503119317,1,0
20,14,0.960735559683086,1,1
21,14,0.23254089109578,1,0
22,14,0.862549935300524,1,1
23,14,1.41142798959315,1,1
24,14,-0.0130148481904327,1,0
25,14,0.202264013941686,1,0
26,14,-2.78601472975644,1,1
27,14,-0.158000365979318,1,0
28,14,0.831637995092736,1,1
29,14,2.18853151354752,1,1
30,14,-1.1460935637241,1,1
31,14,0.231250102668602,1,0
32,14,0.0226483574116589,1,0
33,14,1.37912958917576,1,1
34,14,-0.246252755014694,1,1
35,14,-0.0051253453797577,1,0
36,14,-0.963002826853333,1,0
37,14,-0.0193734778662111,1,0
38,14,-1.15866793862079,0,1
39,14,-0.157074398210195,0,0
40,14,-0.600721005209396,1,0
41,14,-0.16400175056385,1,0
42,14,-0.683797271041848,1,1
43,14,1.6629786051937,1,1
44,14,-0.571670013504858,1,0
45,14,-0.0354586911279018,1,0
46,14,-0.397062310428713,1,1
47,14,0.714734727528985,1,0
48,14,1.26745459510342,1,1
49,14,-0.356786331598333,1,0
50,14,-1.02532295695037,1,1
51,14,0.409716574406179,1,0
52,14,0.52975434323019,1,0
53,14,-0.36312746219077,1,0
54,14,0.681749393530225,1,1
55,14,0.203410754666837,1,0
56,14,-1.28455303401037,1,0
57,14,0.610596484512071,1,0
58,14,-1.19628844499551,1,1
59,14,1.32260721680306,1,1
60,14,0.374295569153928,0,0
61,14,1.63734154231024,1,1
62,14,-0.0955938188855854,0,1
63,14,-1.56003209827739,1,0
64,14,-1.3906441436859,1,0
65,14,1.28583085297552,1,1
66,14,-0.607072348513071,1,1
67,14,-0.979931898565523,1,0
68,14,0.302427901281579,1,0
69,14,-0.256897007236222,1,0
70,14,-1.0681926536196,1,1
71,14,-2.53138815852049,1,0
72,14,-0.450927228239281,1,0
73,14,0.354411230562417,1,0
74,14,-0.34897839180517,1,1
75,14,-0.146078923768904,1,0
76,14,-0.452584202475727,1,0
77,14,0.234904199124085,0,0
78,14,0.701257771476921,1,1
79,14,1.3265983154971,1,1
80,14,-1.57313115107482,1,0
81,14,0.218282970836713,1,0
82,14,-0.2533353660474,1,1
83,14,1.05290401267231,1,1
84,14,2.22304446114516,1,1
85,14,-0.00785426278295549,1,0
86,14,0.428501681366459,1,1
87,14,1.05633848190142,1,1
88,14,1.52170120575052,1,1
89,14,1.19958805043073,1,1
90,14,-2.05890426512279,1,1
91,14,-1.15662732028705,1,0
92,14,-0.304085271963615,1,0
93,14,1.89912736968198,1,1
94,14,0.141839870066516,0,1
95,14,0.0923232740268209,1,0
96,14,0.0988041281826466,1,0
97,14,0.592971270767441,1,1
98,14,1.27484242433872,1,1
99,14,1.00698981067853,1,1
100,14,-2.36182966438966,1,0
1,15,-2.10406016701808,1,1
2,15,-0.0844394715433643,1,0
3,15,0.756329418893765,0,0
4,15,-1.58071605182192,1,0
5,15,0.707245954901412,1,1
6,15,-1.04598767279121,1,0
7,15,0.259141334355496,1,0
8,15,-0.00168481801484885,1,0
9,15,-1.1755530761172,1,1
10,15,1.7446287628424,1,1
11,15,0.718274506554942,1,0
12,15,2.86214274756396,1,1
13,15,0.717986146751108,1,1
14,15,-0.329271870686812,1,0
15,15,-0.130479534484138,1,0
16,15,-0.547328149032133,1,0
17,15,-1.28176030084847,0,1
18,15,-2.17051157974568,1,0
19,15,0.000563215578913007,0,0
20,15,1.54400160892158,1,1
21,15,0.388594092073413,0,1
22,15,-0.314827946205171,1,0
23,15,0.790833341491719,0,0
24,15,0.18858559056274,1,0
25,15,0.584341932602842,1,1
26,15,0.514992388265937,1,0
27,15,-0.17023434635851,1,0
28,15,1.04120211544243,1,0
29,15,0.321152384880494,1,1
30,15,-1.55759253982208,1,0
31,15,0.626407794577016,1,1
32,15,1.97365008215243,1,1
33,15,0.303483261547269,1,1
34,15,1.98956325580343,1,1
35,15,0.48032604872191,0,0
36,15,0.545158174960211,1,0
37,15,-0.23264168238354,1,1
38,15,-2.05612468471865,0,0
39,15,-1.14736073872033,1,0
40,15,-0.18005167444172,1,0
41,15,-1.10031467271034,1,1
42,15,-1.56891365824098,1,0
43,15,-0.0483432112568491,1,0
44,15,-0.597890122244491,1,0
45,15,2.4173392818266,0,1
46,15,0.10958064066004,1,0
47,15,0.449952010308511,1,0
48,15,0.490773929763703,1,0
49,15,0.0502195365496767,1,1
50,15,0.654689287997935,1,0
51,15,0.531782683283305,1,0
52,15,0.770718609148346,1,1
53,15,0.993125665813756,1,1
54,15,1.04351009274177,1,0
55,15,0.0578237816269766,1,0
56,15,-1.26324582458704,1,0
57,15,-2.6536263152695,1,1
58,15,-0.449435058521964,1,0
59,15,-1.51740537616739,1,0
60,15,-0.318061192773509,1,0
61,15,-0.24265728854129,1,1
62,15,0.292740897389112,1,0
63,15,1.67191310731146,1,1
64,15,1.69791572339407,1,1
65,15,0.918673665047652,1,1
66,15,0.232314845586316,1,0
67,15,0.422208918824174,1,1
68,15,-0.0478647623686122,1,0
69,15,-1.59351257929988,1,1
70,15,1.9491258382975,1,1
71,15,1.1866645559439,1,1
72,15,1.1741501477948,1,0
73,15,-0.505839168284978,1,1
74,15,0.578258264907816,1,0
75,15,0.492192734204509,1,0
76,15,-1.5673045711637,1,0
77,15,-0.16801969781549,1,1
78,15,0.377606177645246,1,0
79,15,0.403096936709248,1,0
80,15,-0.627499363967518,1,0
81,15,1.88265879830795,1,1
82,15,1.8555483176834,1,1
83,15,0.696300671493303,1,0
84,15,-0.642203301330347,1,0
85,15,-0.937594986366264,0,1
86,15,-1.29941035593765,1,0
87,15,-0.654595628063766,1,0
88,15,-1.83822781198037,1,0
89,15,0.497553692161246,1,1
90,15,-1.46348125307325,1,0
91,15,-1.19816617058598,1,0
92,15,0.681103030348739,1,0
93,15,0.40761948320593,1,1
94,15,1.13831741291294,1,1
95,15,0.501722988799783,1,0
96,15,-0.0670427097681916,1,0
97,15,0.440053543479348,0,1
98,15,-1.52196112080371,1,0
99,15,0.109621659006559,0,0
100,15,0.189044548616711,1,0
1,16,0.781041199021309,1,0
2,16,-0.0465093112055673,1,0
3,16,0.0957659305814221,1,0
4,16,-1.33525786575587,1,1
5,16,0.548785906763871,1,1
6,16,-1.90524352442387,1,0
7,16,0.204274368167585,1,0
8,16,0.408038985917213,1,1
9,16,1.42675103863215,1,1
10,16,0.92527077217127,1,0
11,16,1.02432421695447,1,1
12,16,-1.79814212000501,1,1
13,16,1.6023218783602,0,1
14,16,-0.435433354565911,1,0
15,16,2.64712003801142,1,1
16,16,-0.673749331588665,1,1
17,16,-1.17881346835309,1,0
18,16,0.71355060508576,1,1
19,16,-0.0121010645702177,1,0
20,16,1.25986965199291,1,1
21,16,-0.476976798602349,1,0
22,16,-0.942721046710143,1,0
23,16,0.760675548441982,1,1
24,16,-0.249951423513271,0,1
25,16,1.07886319082688,1,1
26,16,0.642844233181312,1,1
27,16,-0.227594653880278,1,0
28,16,0.175949524373234,1,1
29,16,0.36861980927607,1,0
30,16,-1.16894944176609,0,0
31,16,-0.579432534850025,0,0
32,16,0.297339761067981,1,1
33,16,1.8524483219266,1,1
34,16,0.806713657497222,1,0
35,16,0.488187457988525,0,0
36,16,0.926501343556937,1,1
37,16,0.458309895141006,1,0
38,16,-0.651943358441331,1,0
39,16,1.21580446481486,1,1
40,16,-1.08650836185774,1,1
41,16,-0.975103711959236,1,0
42,16,0.313026312724249,1,0
43,16,1.69153299141249,1,1
44,16,-0.572387524709293,1,1
45,16,1.05126310270962,1,1
46,16,-0.181254777367646,1,0
47,16,0.4856470358289,0,0
48,16,-1.4359328198026,1,1
49,16,-1.06194105724982,1,0
50,16,1.89260664099439,1,1
51,16,0.0244906964688613,1,0
52,16,0.0678537246666581,1,1
53,16,-2.57241652175319,1,0
54,16,1.22029754835017,1,0
55,16,-0.133698950688569,1,0
56,16,0.454623064744706,1,1
57,16,0.361680394687964,1,0
58,16,0.391416788935288,0,0
59,16,-0.402028028070192,1,0
60,16,1.88499762685374,1,1
61,16,0.135789208790574,1,0
62,16,-0.169139109436975,1,0
63,16,1.62182543432759,1,1
64,16,-0.373015352170107,1,1
65,16,-1.34646402698381,1,0
66,16,-2.08868073915954,1,0
67,16,-0.101618342438391,1,0
68,16,-0.594396000802415,1,1
69,16,-0.215893075123934,1,0
70,16,0.0752599984630792,1,0
71,16,2.1669253902978,1,1
72,16,0.645404965401519,1,1
73,16,-0.197332650732912,1,0
74,16,1.27367758192325,1,1
75,16,-0.307339225196746,1,0
76,16,0.522021526862458,0,1
77,16,1.16263285107803,1,1
78,16,-0.0928488805379818,1,0
79,16,-1.90194818212262,1,0
80,16,-0.493266201603452,1,1
81,16,1.86369238711066,1,1
82,16,-0.212808995894539,0,0
83,16,1.13666002123292,0,0
84,16,0.442739450647041,1,1
85,16,0.0699044802717621,1,0
86,16,-2.62588313737603,1,0
87,16,0.716413833945887,1,0
88,16,-0.604611722160916,1,1
89,16,-0.370584497674043,1,0
90,16,-0.533668362189905,1,0
91,16,1.81218653480987,1,1
92,16,-1.19630906994616,1,1
93,16,-2.69176770525047,1,0
94,16,0.546513355631927,1,0
95,16,0.768926409093582,1,0
96,16,-0.186757799251065,1,1
97,16,-0.229359755418792,1,0
98,16,1.63018563465818,1,1
99,16,-2.16467144096662,1,0
100,16,-1.07777603746419,1,1
1,17,0.739114919951308,1,0
2,17,0.386608728066216,1,0
3,17,1.29639717227091,1,1
4,17,-0.803558357507768,0,0
5,17,-1.60262566858643,1,0
6,17,0.933250970552304,1,0
7,17,1.80608925390866,1,1
8,17,-0.0565036325646403,1,0
9,17,1.88591131889724,1,1
10,17,1.57838342842404,1,1
11,17,0.502284624314142,1,1
12,17,0.429914212555579,1,0
13,17,-1.26564552888479,1,0
14,17,2.23623233054553,1,1
15,17,0.331968377856512,1,1
16,17,-0.139282385567736,1,0
17,17,-0.734593825625815,1,0
18,17,-2.77759276392393,1,0
19,17,-0.322853958783463,1,1
20,17,-1.03558647376593,1,0
21,17,0.0547526501967002,1,0
22,17,1.54368491874942,1,1
23,17,0.964446254365306,1,1
24,17,-1.83230284878881,1,0
25,17,0.132961342686625,1,0
26,17,-1.03340203846113,1,0
27,17,-1.72828721339192,1,1
28,17,-1.15987103180553,0,0
29,17,-1.39344360096616,1,0
30,17,-1.00193144531418,1,0
31,17,1.34839194301861,0,1
32,17,-1.77583638741353,1,0
33,17,0.370374694188887,1,0
34,17,0.0419605863244238,1,0
35,17,-0.132750488298142,1,1
36,17,-0.0139420252131676,1,0
37,17,-0.366039300431897,1,0
38,17,-0.105173946166973,1,0
39,17,1.66024437713918,1,1
40,17,1.55507762193835,1,0
41,17,0.443204940808692,1,0
42,17,-0.43866672142978,1,0
43,17,1.20986845535591,1,1
44,17,-1.42292599485884,1,0
45,17,-0.0588976635320806,1,0
46,17,0.203736299198387,1,0
47,17,0.743010635466116,1,1
48,17,-0.377698933065141,1,0
49,17,2.37868017675574,1,1
50,17,-0.88793195704281,0,0
51,17,-1.03607624964215,1,1
52,17,2.36778642255211,1,1
53,17,0.561154039809826,1,0
54,17,-0.445940052101709,1,0
55,17,-0.934416511347304,0,1
56,17,0.479501557165675,1,0
57,17,0.236980549756448,1,0
58,17,-1.33940240798188,1,0
59,17,-0.10742903346503,1,1
60,17,0.577723123936115,1,0
61,17,0.45405688085794,1,0
62,17,-1.19032283130216,1,0
63,17,1.97320990296075,0,1
64,17,-1.07603748329362,1,0
65,17,0.193951163597338,1,0
66,17,1.08604038573532,0,1
67,17,0.0787259308042922,1,1
68,17,1.47018336363309,1,1
69,17,2.71433114529866,1,1
70,17,1.11634968433779,1,1
71,17,0.988758104016692,1,1
72,17,-1.02592732705569,1,0
73,17,1.69442588921929,0,1
74,17,-0.0438579329855956,1,0
75,17,0.40892433361665,1,1
76,17,0.115209478001697,1,0
77,17,-0.176403195772337,1,0
78,17,2.08171630036462,1,1
79,17,2.04906619307376,1,1
80,17,-0.84468882240796,1,0
81,17,-0.42258466192741,0,0
82,17,-4.29462067282811e-05,1,0
83,17,-1.22438899833902,1,1
84,17,0.616144909077322,1,0
85,17,0.592789088105364,0,0
86,17,1.35560461363218,1,0
87,17,-0.837958416369963,1,1
88,17,1.00453445300847,0,0
89,17,0.917182101978409,1,0
90,17,-0.146622896374579,0,0
91,17,-1.26132827478245,1,1
92,17,-0.253564732017772,1,0
93,17,1.66695065908591,1,1
94,17,0.722313514851792,1,0
95,17,0.593905630682609,1,1
96,17,-2.88501793098226,1,0
97,17,0.0161114515783771,1,0
98,17,0.614708924713478,1,0
99,17,-1.13518421578449,1,1
100,17,-0.476051237647421,1,0
1,18,0.315704738438078,1,0
2,18,0.163891391957584,1,1
3,18,0.957658356407617,1,0
4,18,-0.131096323056634,1,0
5,18,-0.0467621436638845,1,0
6,18,1.08256389412699,1,1
7,18,0.0560942565249199,1,0
8,18,-1.28160861483983,1,0
9,18,-0.894781474745017,1,0
10,18,0.773424650206942,1,1
11,18,0.767374221526486,1,1
12,18,0.700973996863718,1,1
13,18,0.538885494187403,1,0
14,18,1.13132999241054,1,1
15,18,-0.438376209287732,1,0
16,18,1.40231750964108,0,0
17,18,-1.33850458003796,1,0
18,18,0.764025361881707,1,1
19,18,-0.395506774196244,1,0
20,18,0.70667396599867,1,1
21,18,-0.116138529198411,1,0
22,18,-0.481397891384663,1,1
23,18,0.0488398955331024,1,0
24,18,0.311303005724369,0,0
25,18,-0.00442018777892362,1,0
26,18,-0.195495343860805,1,1
27,18,-0.890046675251001,1,0
28,18,1.19778611942054,0,1
29,18,0.0465750117656711,1,0
30,18,0.261717906050118,1,1
31,18,1.33969527376543,0,1
32,18,1.70150119049505,1,1
33,18,1.55129531436729,1,1
34,18,-0.322306165408928,1,1
35,18,0.662142145900213,1,1
36,18,1.63973282019699,1,1
37,18,-1.31824640069213,1,0
38,18,-1.36494079498635,1,1
39,18,0.123357709062113,1,0
40,18,-0.592030363803457,1,0
41,18,2.17780380590271,0,1
42,18,1.25312468580758,0,1
43,18,-2.67665821513735,1,0
44,18,-1.66598182013881,1,0
45,18,0.842477360032483,1,1
46,18,0.385506325533689,1,1
47,18,2.13847170864168,1,1
48,18,0.212799136322422,1,0
49,18,1.84052267906985,1,1
50,18,-1.96219906679013,1,1
51,18,-1.06610203883797,1,0
52,18,0.166156528326985,1,0
53,18,-0.488664244719444,1,0
54,18,-0.803944153567216,1,1
55,18,-1.1833754836848,1,0
56,18,-0.539064716030077,1,0
57,18,-1.55706983106362,1,0
58,18,-0.671723487344703,1,1
59,18,0.913575419603138,1,1
60,18,-0.767236663704602,1,0
61,18,0.920270620371808,1,0
62,18,0.329193985939655,1,1
63,18,0.397615041513563,1,0
64,18,-2.14786923998988,1,0
65,18,-1.91484991269277,1,0
66,18,0.141761619677665,1,1
67,18,1.75077590174491,1,1
68,18,0.945610257949997,1,1
69,18,-0.113763702158837,1,0
70,18,1.27133461676697,1,1
71,18,-0.135198350931673,0,0
72,18,-0.00972262551166277,1,0
73,18,1.52977248486133,1,1
74,18,-1.188919665818,1,1
75,18,-0.14568648792884,0,0
76,18,-0.864871259486335,1,0
77,18,-0.543808781197938,1,0
78,18,-1.62695301216917,1,1
79,18,0.121071045073787,1,0
80,18,0.981105190296446,1,1
81,18,-0.0870780584316147,1,0
82,18,-0.297384824922925,1,1
83,18,0.61358684519704,1,0
84,18,1.3495305875334,1,1
85,18,0.987770630694447,0,0
86,18,0.799935934452696,1,1
87,18,1.4133831155678,1,1
88,18,-0.989023428796902,1,0
89,18,-0.0632063466187795,1,0
90,18,0.942109527393138,0,1
91,18,-0.5944432989651,1,0
92,18,0.717181954689567,1,0
93,18,0.0851291323708111,1,0
94,18,1.03515583126704,1,1
95,18,-1.84711493386444,1,0
96,18,0.331402498977672,1,0
97,18,1.02242819977201,1,0
98,18,0.551192062432164,1,1
99,18,1.44087331345589,1,0
100,18,-0.0742190150722613,1,0
1,19,-0.113154404160432,1,1
2,19,0.856479837145619,1,1
3,19,-0.185584100006361,1,0
4,19,1.42805184990289,1,1
5,19,2.08176744409335,1,1
6,19,-0.567490105106194,1,0
7,19,-1.08775642392872,1,0
8,19,1.32101019376084,0,1
9,19,0.718161850872941,1,1
10,19,0.71950439392656,1,1
11,19,-0.965098230744749,1,0
12,19,0.166458779385684,1,0
13,19,1.06034336593422,1,1
14,19,-0.366224063984558,1,0
15,19,0.339774120334188,1,0
16,19,-2.31638786086451,1,0
17,19,1.18834791279017,1,1
18,19,-1.39033602649513,0,0
19,19,-1.58618502330435,1,0
20,19,1.30293382419895,1,1
21,19,0.736818182032297,1,1
22,19,-0.571109489158664,1,0
23,19,-0.420380806075636,1,0
24,19,0.895919378928683,1,0
25,19,1.09070441965676,1,1
26,19,-0.052028492656639,1,0
27,19,-0.670079845603982,1,0
28,19,-0.399551243973612,1,0
29,19,0.433890095946288,0,1
30,19,-0.187513913379056,1,0
31,19,-0.993704953689841,1,0
32,19,-0.922410202217711,0,0
33,19,-0.0225864996708584,1,1
34,19,-0.0107398513546401,1,0
35,19,-0.50023695238265,1,0
36,19,-0.181671675591775,1,0
37,19,0.189541446490689,1,1
38,19,0.502988963491515,1,0
39,19,1.67391946012022,0,1
40,19,2.54722815235059,1,1
41,19,0.522148839429825,1,1
42,19,-0.892420128033872,1,0
43,19,0.728312607205519,0,0
44,19,-1.15892302722338,0,0
45,19,1.49328375009263,1,1
46,19,-0.848249916365337,1,0
47,19,0.307681941068345,1,0
48,19,1.93302241579369,1,1
49,19,0.702543350961017,1,1
50,19,0.0163097181286463,1,0
51,19,0.64146852242195,1,0
52,19,1.65521896823963,1,1
53,19,-0.859635473323073,1,1
54,19,0.617383993082701,1,0
55,19,1.3358365632773,1,1
56,19,-0.534008777512591,1,0
57,19,0.528372843865696,1,1
58,19,-0.0736982280120939,0,0
59,19,0.10945948622736,1,0
60,19,1.10018088111999,1,1
61,19,-0.153578002098822,1,1
62,19,-0.15625791081502,1,0
63,19,-0.386373125063289,1,0
64,19,-0.846819493781224,1,0
65,19,-2.17292680199008,1,1
66,19,-0.717906200372701,1,0
67,19,1.69978276008307,1,1
68,19,-0.0691932799408589,1,0
69,19,-1.27818884065016,1,1
70,19,-0.575407734251262,1,0
71,19,-1.38964448538608,0,0
72,19,-1.50259250797092,1,0
73,19,0.931253719291296,1,1
74,19,-0.291129082572854,1,0
75,19,0.677169792832732,1,0
76,19,-0.626770391647181,1,0
77,19,-1.44247767529148,1,1
78,19,-0.590451563152212,1,0
79,19,-0.792246797005612,1,0
80,19,-0.931869974589519,1,0
81,19,-0.0176965659071633,1,1
82,19,0.993062810582632,1,1
83,19,0.0435650240715116,1,0
84,19,-2.02353097968475,1,0
85,19,1.89484579534605,1,1
86,19,1.18031853854443,1,0
87,19,2.41416347802723,1,1
88,19,-0.240663163918049,1,0
89,19,2.07128941428934,1,1
90,19,0.232714077622351,1,0
91,19,-0.373468344090581,1,0
92,19,-0.833345632321643,1,0
93,19,-1.4634080799318,0,1
94,19,1.0357192604692,1,1
95,19,1.2928747106484,0,1
96,19,1.1439845441714,1,1
97,19,0.705208580620038,1,1
98,19,0.287844943555178,1,0
99,19,0.257633142939952,1,0
100,19,1.99498624372389,1,1
1,20,-0.445604337044049,1,0
2,20,-0.676393950958979,1,0
3,20,0.411605591404383,1,0
4,20,-0.586851419692244,1,1
5,20,-1.27436761285349,1,0
6,20,-0.896895577360802,1,0
7,20,0.502660142336353,1,0
8,20,1.90002976380246,1,1
9,20,1.55883385955605,1,1
10,20,-1.10554389683333,1,0
11,20,0.177198675638348,1,0
12,20,2.03191333156703,1,1
13,20,1.40906126047474,1,1
14,20,0.949793139305257,1,1
15,20,0.209709303183808,1,0
16,20,1.22315678618753,1,1
17,20,1.08705296268649,1,0
18,20,-0.193491155814907,0,0
19,20,-0.795500112368818,1,0
20,20,-0.289757356258683,1,1
21,20,-1.43605034570269,1,0
22,20,0.877356249000453,0,0
23,20,-0.1052148043996,1,0
24,20,-2.33468384360572,1,1
25,20,-1.09706520039174,1,0
26,20,0.386193434256944,1,0
27,20,1.02091914912631,0,1
28,20,0.375168197707092,1,1
29,20,-1.14089496717134,1,0
30,20,-0.75169845910729,1,0
31,20,3.06452389269812,1,1
32,20,1.4368046454751,1,1
33,20,0.322555414381295,0,0
34,20,-0.107484885158757,1,0
35,20,-0.0515328369491433,1,0
36,20,0.789774089318715,0,1
37,20,-0.217905542415339,1,0
38,20,-0.54450237838447,1,0
39,20,-0.274580325621438,1,0
40,20,0.0276239006189358,1,1
41,20,0.96967721750677,1,1
42,20,-2.19940649400494,1,0
43,20,1.94809379777504,1,1
44,20,0.179853218723136,1,1
45,20,0.415056763273738,1,0
46,20,0.6468405034362,1,1
47,20,-0.653999984451041,1,0
48,20,-1.11994946630856,0,1
49,20,-1.00474525673975,1,0
50,20,0.566768541335376,1,0
51,20,0.634128069488183,1,0
52,20,-1.21003595854585,1,1
53,20,-0.0929224164607256,1,0
54,20,-1.47840907762989,1,0
55,20,0.387880668227378,1,0
56,20,-0.51062547037756,1,1
57,20,-0.802804424764546,0,0
58,20,0.276300724842247,1,0
59,20,1.13685858582264,1,1
60,20,-1.6908281067394,1,1
61,20,-0.50346760898439,1,0
62,20,1.92173533432537,1,1
63,20,0.566044707015607,1,1
64,20,2.61880935400792,1,1
65,20,-1.39918077953546,1,0
66,20,0.154037074267717,1,0
67,20,-0.913435834038521,1,0
68,20,1.19100497193514,1,1
69,20,1.33709739029276,1,1
70,20,0.460433295944324,0,0
71,20,1.67752759544385,1,1
72,20,0.966911970423772,0,1
73,20,-1.44264795049801,1,0
74,20,-0.264151584691052,1,0
75,20,1.02351919565167,1,0
76,20,-2.30154197873356,1,1
77,20,0.322204240776174,1,0
78,20,-0.43795407066817,1,0
79,20,-0.423212448160073,1,0
80,20,-1.10879262262723,1,1
81,20,0.369019190331962,1,0
82,20,0.272114317488526,1,0
83,20,0.589900021075311,1,0
84,20,0.37198763387555,1,1
85,20,0.445974498417473,1,0
86,20,0.52684843962461,1,0
87,20,-0.64806755804916,1,0
88,20,1.02183706837274,1,1
89,20,1.09423028568049,1,1
90,20,0.077305982511206,1,0
91,20,-0.274638208402021,1,0
92,20,0.0752714442546746,1,1
93,20,0.970519129769692,1,1
94,20,-0.521323523184934,1,0
95,20,0.833331308362038,1,0
96,20,0.705247474940405,1,1
97,20,-2.05450510036012,1,0
98,20,-0.684249440807115,1,0
99,20,-1.2632377482435,1,0
100,20,1.15627784430579,1,1
1,21,-1.04818566127778,1,0
2,21,-0.425548811589155,0,0
3,21,-0.234873128142992,1,1
4,21,1.19028908800751,1,0
5,21,0.540713722714863,1,0
6,21,-0.0892645085836935,1,0
7,21,-0.712169251646416,1,1
8,21,0.504211151987834,1,0
9,21,-0.106643065219636,1,0
10,21,-2.58369319584055,1,0
11,21,0.95219954630777,1,1
12,21,0.474662612184572,1,0
13,21,-0.442791771819826,1,0
14,21,0.156760102551498,1,0
15,21,-0.748730192668277,1,1
16,21,2.02929463268147,1,1
17,21,0.114334540838667,1,0
18,21,1.3881842812214,1,1
19,21,1.35648408922355,1,1
20,21,-0.712381675658692,1,0
21,21,-0.690128993283825,1,0
22,21,0.274245474317981,1,0
23,21,-0.380786630404856,1,1
24,21,1.11582877486858,1,1
25,21,0.172350187000914,1,0
26,21,0.512564515459828,1,0
27,21,-1.76720344019799,1,1
28,21,-0.670223431272913,1,0
29,21,0.276952947504673,1,0
30,21,0.4319677760602,1,0
31,21,-0.960891554937323,1,1
32,21,0.0274305658483761,1,0
33,21,-0.369601754326244,1,0
34,21,0.80784243829686,1,0
35,21,0.297532737973586,1,1
36,21,0.0230556945047563,1,0
37,21,1.10191446139562,1,1
38,21,-0.162053493690521,1,0
39,21,0.0865447216024407,0,1
40,21,0.0169979019330747,1,0
41,21,0.150172429503499,1,0
42,21,0.482914532808017,1,1
43,21,0.882608394387359,1,1
44,21,0.315924828918759,1,0
45,21,0.228238374781503,1,0
46,21,-0.108384387112903,1,0
47,21,1.10506099653127,1,1
48,21,0.588719096932479,1,0
49,21,-0.316382724208661,1,0
50,21,0.366356632278494,0,0
51,21,-0.761089558280717,1,1
52,21,-0.387626309448484,1,0
53,21,-2.35080300639401,1,0
54,21,-0.765299854468656,1,0
55,21,0.462167517577573,1,1
56,21,2.17390247112664,1,1
57,21,-2.03671690321643,1,0
58,21,0.158637566089039,1,0
59,21,-0.756614780947088,1,1
60,21,-0.210631993767786,1,0
61,21,0.756265078740067,1,0
62,21,-0.999734481219379,1,0
63,21,-0.943744524893251,1,1
64,21,-0.0321310690771247,0,0
65,21,-1.51450249810653,1,0
66,21,-1.61903451976417,1,0
67,21,-0.388213747775796,1,1
68,21,-0.378602977118339,1,0
69,21,-1.59504866424592,1,0
70,21,-1.10893666001903,1,0
71,21,0.0555006767777809,1,1
72,21,-1.37261893818149,1,0
73,21,1.3713157196375,1,1
74,21,-2.05903504695749,1,0
75,21,-0.991525489635035,1,1
76,21,0.251933894205604,1,0
77,21,-1.06394509590109,0,0
78,21,-0.216902254955934,1,0
79,21,-0.83824897316637,1,1
80,21,0.658773629809864,1,0
81,21,0.452007547357976,1,0
82,21,0.799963792617058,1,1
83,21,0.364728688475606,1,1
84,21,2.08594617370458,1,1
85,21,-0.0714848555619568,1,0
86,21,0.202338215742887,1,0
87,21,-1.5297686336941,1,1
88,21,-0.338088145537669,1,0
89,21,0.954136361808257,0,1
90,21,0.0818425227231235,1,0
91,21,1.7080180168601,1,1
92,21,2.00605303820361,1,1
93,21,-0.787921347136684,1,0
94,21,-2.01024918737741,1,0
95,21,1.13637384584441,1,1
96,21,1.86507711152076,1,1
97,21,1.02461750297628,1,1
98,21,-0.212386239158211,0,0
99,21,0.211036284752331,1,1
100,21,0.446075601086465,1,0
1,22,0.520599678232113,1,0
2,22,0.377561918114446,1,1
3,22,-0.623658808865915,1,0
4,22,-0.572610525202765,1,0
5,22,0.312501153196823,1,0
6,22,-0.707427833089473,0,1
7,22,0.52120348534775,0,0
8,22,0.448187980908179,1,0
9,22,-0.50532260598478,1,0
10,22,-0.206612153485113,1,1
11,22,0.0296140196264106,1,0
12,22,2.05234415242859,1,1
13,22,-0.768557600478008,1,0
14,22,-0.565258779463758,1,1
15,22,1.66666340779812,1,1
16,22,-1.54040100708771,1,0
17,22,1.14504612633599,0,1
18,22,-1.56194956414967,1,1
19,22,0.471221587835894,1,0
20,22,0.0357610372343732,1,0
21,22,-0.351850232327599,1,0
22,22,-0.943754999834765,1,1
23,22,0.367376615854782,0,0
24,22,-1.86547171250828,1,0
25,22,0.11055393642606,1,0
26,22,-0.486629941792978,1,1
27,22,1.19753212524764,1,0
28,22,1.51283242847154,1,1
29,22,-0.726766737097221,1,0
30,22,-0.247861366334999,1,1
31,22,0.134429189269096,1,0
32,22,1.08531786542511,1,1
33,22,1.29614591705562,1,1
34,22,1.28762995567038,1,1
35,22,-0.338703588245132,1,0
36,22,0.604296542217034,1,1
37,22,0.920767407255184,1,0
38,22,1.64476374303366,0,1
39,22,-0.886251616805477,1,0
40,22,2.17250012907334,1,1
41,22,0.714854301548273,1,1
42,22,1.0374125711965,1,1
43,22,-1.07557163068991,1,0
44,22,-0.474255269772743,1,0
45,22,-0.0698125803393669,1,0
46,22,-0.762523193795482,1,1
47,22,-0.572609703531316,1,0
48,22,-1.12769198859714,1,0
49,22,0.122726540709163,0,0
50,22,1.22878953420202,1,1
51,22,-0.587573018526151,1,0
52,22,-1.83916811346666,1,0
53,22,0.497826138658401,1,1
54,22,0.506481649643376,1,1
55,22,0.5236044051708,1,1
56,22,0.624949908399273,1,0
57,22,-2.98085477937824,1,0
58,22,1.88692671930828,1,1
59,22,0.459880260364276,1,1
60,22,0.391427639599976,1,0
61,22,-1.1872535150137,1,0
62,22,0.444323559173217,0,1
63,22,-0.753943997566823,1,0
64,22,0.211011423662399,1,0
65,22,-0.136752079928056,1,0
66,22,0.0132439946545028,1,1
67,22,0.680105587046662,1,0
68,22,-0.0557253665068746,1,0
69,22,-0.499098018560668,1,0
70,22,-0.826927163546657,1,1
71,22,-0.289831986973819,1,0
72,22,-0.492539303928673,1,0
73,22,0.975110148653936,1,0
74,22,0.0979594208690554,1,1
75,22,-0.497160426252782,1,0
76,22,0.423245237953249,1,0
77,22,-0.519233144848389,1,0
78,22,1.91911143009573,1,1
79,22,-1.24473834900437,1,0
80,22,-0.160439995770294,1,0
81,22,1.02158087612774,0,1
82,22,-0.632830864851566,1,1
83,22,-0.203434845430055,1,0
84,22,0.411278203793493,1,0
85,22,-1.01458042114401,1,0
86,22,0.99828767052731,0,1
87,22,-1.63228990465595,1,0
88,22,-0.234161211897477,1,0
89,22,-1.65510950148292,1,0
90,22,-0.833470788453693,1,1
91,22,2.30888335087111,1,1
92,22,-0.263555628832857,1,0
93,22,1.99710850259121,0,1
94,22,-0.242841971658977,1,1
95,22,-0.554739546378118,1,0
96,22,-0.52947657549752,1,0
97,22,0.704735648559801,1,0
98,22,-0.938885792890617,1,1
99,22,0.875266133569224,1,0
100,22,-0.744367045365983,1,0
1,23,1.72907281236682,1,1
2,23,-0.814992277673091,0,0
3,23,-1.6902329841028,1,0
4,23,1.4909444628374,1,1
5,23,0.703633074954809,0,1
6,23,-0.962693580057455,1,0
7,23,-1.19753699209426,1,0
8,23,-0.00087742278126087,1,0
9,23,0.70100820351679,1,1
10,23,-0.247341223656038,1,0
11,23,-0.00627671028705999,1,0
12,23,0.144663709532657,1,0
13,23,0.532446118204135,1,1
14,23,-1.17603585159241,1,0
15,23,2.48365406783546,1,1
16,23,-1.33166906271364,1,0
17,23,-1.36076832950042,1,1
18,23,-0.235092456332526,1,0
19,23,-0.0895549823928592,1,0
20,23,0.200828737729833,1,0
21,23,-0.265365341873434,1,1
22,23,-0.110013783091227,1,0
23,23,-0.213782822034777,1,0
24,23,0.755948255241542,1,0
25,23,-0.155226372071595,1,1
26,23,-0.253006698924227,1,0
27,23,-1.65130354378339,1,0
28,23,-1.7595266794624,1,0
29,23,-0.392785997404055,1,1
30,23,-0.936514737913993,1,0
31,23,-1.76524039239768,1,0
32,23,-1.75931144884997,1,0
33,23,0.722482194517329,1,1
34,23,0.105902985199033,1,0
35,23,0.390137002841739,1,0
36,23,-1.64396343819755,1,0
37,23,-0.65481462110254,1,1
38,23,-0.0891427482546044,1,0
39,23,-0.689411466799491,1,0
40,23,0.142398384504201,1,0
41,23,-0.536689121341316,1,1
42,23,1.41958899878053,1,1
43,23,0.525737567405204,1,0
44,23,-0.360002448360396,1,0
45,23,0.42555486490149,1,1
46,23,-0.411289830351588,1,0
47,23,1.07092478679444,1,0
48,23,1.04682217393927,1,1
49,23,-0.360574316378937,1,1
50,23,-0.246120555230647,1,0
51,23,2.6328439945096,1,1
52,23,0.0828732141075895,1,0
53,23,-0.993746582650212,1,1
54,23,0.343609190234358,1,0
55,23,0.0499225873577813,1,0
56,23,-2.50731561817335,1,0
57,23,0.328457976464766,1,1
58,23,1.11641612227678,1,1
59,23,-0.396691956402495,1,0
60,23,1.25696669721802,0,1
61,23,0.126520262496221,0,1
62,23,1.08006176698795,1,0
63,23,-0.0332131158711749,1,0
64,23,0.0955011950514356,1,0
65,23,-0.5102972723026,1,1
66,23,0.908613583937615,1,1
67,23,-0.387516124560848,1,0
68,23,2.06105440055176,1,1
69,23,-0.432644651732663,1,1
70,23,-0.629652745989543,0,0
71,23,-0.780897455165702,1,0
72,23,0.112304176971878,1,0
73,23,0.870599595916544,1,1
74,23,1.41980276096092,1,1
75,23,0.692738619192126,1,0
76,23,-2.26161327646333,0,0
77,23,0.713379246839445,0,1
78,23,1.53607986324167,1,1
79,23,0.318570720934271,1,0
80,23,-3.20805687610525,0,0
81,23,0.436681717010862,1,1
82,23,-0.613251076721228,0,0
83,23,-0.0349603501428892,1,0
84,23,-0.906138120993062,1,0
85,23,-0.51402135115389,1,1
86,23,0.147031118708133,0,0
87,23,-1.3438761034106,1,0
88,23,0.163461568881095,1,0
89,23,-0.542909223322403,1,1
90,23,0.423016854324198,1,0
91,23,-1.23161261394232,1,0
92,23,1.10667546849715,1,0
93,23,0.0530992372669268,1,1
94,23,-3.20211005574372,1,0
95,23,-0.953904369733372,1,0
96,23,-0.205155007690135,1,0
97,23,0.352459403571786,1,1
98,23,0.58958827741381,1,0
99,23,1.57400710197297,1,1
100,23,-0.627745333209963,0,0
1,24,0.868164976951994,1,1
2,24,-1.4843701024496,1,0
3,24,-0.400899287124506,1,0
4,24,-0.639347683628521,1,1
5,24,0.216391047256349,1,0
6,24,-1.2611376296688,1,0
7,24,1.98796868828322,1,1
8,24,0.982304768120544,1,1
9,24,-0.306820287945659,1,0
10,24,-1.31316352225554,1,0
11,24,-0.907211164521709,1,0
12,24,-0.0926869504167684,1,1
13,24,-2.50332774743482,1,0
14,24,-0.582792511590403,1,0
15,24,1.12082698678478,1,0
16,24,1.1651172181161,1,1
17,24,-0.222584799465931,1,0
18,24,0.271809486187721,1,0
19,24,-0.910261998255786,1,0
20,24,-0.741121060037364,1,1
21,24,-0.426786424237152,1,0
22,24,0.750682537340365,1,0
23,24,0.6493286576328,1,0
24,24,-0.448295562458784,1,1
25,24,1.05941538299433,1,1
26,24,-2.69530466049794,1,0
27,24,-0.327159191352153,1,0
28,24,1.31966901873928,1,1
29,24,1.55851138518142,1,1
30,24,0.860637444235263,1,1
31,24,0.142136862048121,1,0
32,24,0.202363274147139,1,1
33,24,-0.500252015337885,1,0
34,24,-1.15069185336539,1,0
35,24,-0.608551690703679,1,0
36,24,-0.14707489115322,1,1
37,24,-1.43582859213366,1,0
38,24,-0.243172363939305,1,0
39,24,2.02669502369221,1,1
40,24,-1.01799744846075,1,1
41,24,-1.30985618911329,1,0
42,24,-0.616450867284611,1,0
43,24,1.02441869444659,1,0
44,24,-0.83274933439023,0,1
45,24,1.44207722389048,1,1
46,24,-1.26921903752016,1,0
47,24,-0.314308990290208,0,0
48,24,-0.6141977822625,1,1
49,24,-0.564376525135597,1,0
50,24,-0.564897060994212,1,0
51,24,-3.07124303553711,1,0
52,24,-1.31446609322366,1,1
53,24,0.677056135772086,1,0
54,24,1.59911709555023,1,1
55,24,-0.978987936648209,1,0
56,24,-0.430657192807828,1,1
57,24,-1.62209885763213,1,0
58,24,-0.647195629340894,0,0
59,24,0.361005671269585,1,0
60,24,-0.787349946433107,1,1
61,24,0.264414442445665,0,0
62,24,-0.114378255227206,1,0
63,24,-1.63080354573953,1,0
64,24,-0.987340283697582,1,1
65,24,-1.78179560822565,1,0
66,24,-1.11505000499486,1,0
67,24,1.58649048041527,1,1
68,24,-0.775966162548199,1,1
69,24,-0.656092428360995,1,0
70,24,-0.965048986643762,1,0
71,24,0.746863320289386,0,0
72,24,0.677905536251931,1,1
73,24,1.29653625864232,1,1
74,24,0.999364190357656,1,0
75,24,-0.468470898652754,1,0
76,24,0.571485629012,1,1
77,24,0.423369097200286,0,0
78,24,1.57194319674487,0,1
79,24,0.240256623616103,1,0
80,24,0.316422729082583,1,1
81,24,-0.54417040030936,1,0
82,24,0.122651647086549,1,0
83,24,0.954675640623287,1,0
84,24,1.49229156949754,1,1
85,24,0.782586988631191,1,0
86,24,0.531534886349928,1,0
87,24,0.567232748620047,1,0
88,24,0.156782131753834,1,1
89,24,-0.402740225607502,1,0
90,24,0.0754858051111999,1,0
91,24,-1.20263029488377,1,0
92,24,-0.372384602760343,1,1
93,24,0.652391155370522,1,0
94,24,0.617010157044081,1,0
95,24,-0.447139503006748,1,0
96,24,0.158480999959808,1,1
97,24,-0.513998937635304,1,0
98,24,-1.12276336437519,1,0
99,24,-0.447139022225265,1,0
100,24,-2.11185369823736,1,1
1,25,-0.728098632558749,1,0
2,25,-0.246700356153367,1,0
3,25,-0.613615678060157,0,1
4,25,0.103947848541539,1,0
5,25,-0.800578552066803,1,0
6,25,1.32370390419044,1,1
7,25,0.0311640787660535,1,1
8,25,-0.82361367332353,1,0
9,25,-0.866751731322283,1,0
10,25,-1.25258157877411,1,0
11,25,-1.0501979652639,1,1
12,25,0.826524800809867,1,0
13,25,-0.843670255924305,1,0
14,25,-2.16668094347871,1,0
15,25,0.774014993072303,1,1
16,25,0.598681328050187,1,0
17,25,1.19722467606599,1,1
18,25,-0.368173869420077,1,0
19,25,0.702319798990721,0,1
20,25,0.0753470583633293,1,0
21,25,-2.26265058199372,1,0
22,25,1.05470523935575,1,0
23,25,-0.897325311528992,0,1
24,25,2.39885487143668,1,1
25,25,1.26319966951482,1,0
26,25,1.29058501543878,1,0
27,25,1.9884855777354,1,1
28,25,0.20920690626195,1,0
29,25,-0.444696566571594,1,0
30,25,-1.65847751361708,1,0
31,25,0.582330196939139,1,1
32,25,-0.711207574206087,1,0
33,25,1.36899877314235,1,1
34,25,0.0612009393130314,1,0
35,25,-0.252834857426658,1,1
36,25,1.0086433548207,0,1
37,25,-0.655228835942837,1,0
38,25,2.63413136625274,1,1
39,25,-0.305332901511049,1,1
40,25,0.0984932015124599,0,0
41,25,-0.689208794092033,1,0
42,25,0.314280659901411,1,0
43,25,0.920174531716108,0,1
44,25,-1.51214695536879,1,0
45,25,-0.0147023504214812,1,0
46,25,0.605651658414658,1,0
47,25,-1.01688084544769,1,1
48,25,1.11563955585675,1,1
49,25,-0.260163757178598,1,0
50,25,1.03647589608524,1,0
51,25,0.491079254833402,1,1
52,25,-1.32587204988391,1,0
53,25,1.10955732912838,1,0
54,25,-0.359109145088684,1,0
55,25,1.72339651005851,1,1
56,25,-0.804267340824148,1,0
57,25,1.42730551787371,0,1
58,25,-1.08678927563044,1,0
59,25,0.57212115124666,1,1
60,25,1.4247933841767,1,1
61,25,-0.406071351546959,1,0
62,25,0.0491471875358494,1,0
63,25,-1.03126516759309,1,1
64,25,1.03058022263579,1,0
65,25,0.7965517680036,1,0
66,25,-0.66721533565532,1,0
67,25,0.233497650716142,1,1
68,25,1.86219504431796,0,1
69,25,-0.0561531118933134,1,0
70,25,-0.977231994337985,1,0
71,25,0.949484831513274,1,1
72,25,0.193217241210377,1,0
73,25,-1.01730063829064,1,0
74,25,0.0142790040846149,1,0
75,25,-1.5201066457523,1,1
76,25,-0.673349298145026,1,0
77,25,-0.749364001391015,1,0
78,25,-0.0342802464846192,1,0
79,25,-2.97229677488889,1,0
80,25,0.69463032731849,1,0
81,25,0.730211688802803,1,0
82,25,-1.13396678917255,1,0
83,25,-0.0564820964404213,0,1
84,25,-0.258355701987367,1,0
85,25,-1.24876382771751,1,0
86,25,-0.103110580884247,1,0
87,25,1.66919588438668,1,1
88,25,-1.27800401212855,1,0
89,25,0.745799344342215,1,0
90,25,0.490087172795728,1,1
91,25,-1.99670738675889,1,1
92,25,-1.40883531700392,1,0
93,25,0.917845134523927,0,1
94,25,-0.749480755434116,1,0
95,25,-1.23843936852384,1,1
96,25,1.6144484044437,0,1
97,25,-0.389374302909327,1,0
98,25,0.263419746462831,0,0
99,25,-0.20252164798064,1,1
100,25,1.05768891304478,1,0
1,26,0.261897335019092,1,0
2,26,0.107699062836372,1,1
3,26,0.83092160102577,1,1
4,26,0.86127447440696,1,1
5,26,0.330309251687885,0,0
6,26,1.08996243416515,1,1
7,26,0.598788527130083,0,1
8,26,0.497042617000752,1,1
9,26,-0.458069801278381,1,0
10,26,0.917465292392433,1,1
11,26,-0.410338311347776,1,0
12,26,-0.826102840033129,1,0
13,26,0.0458334373317726,1,0
14,26,0.0249622809655955,0,1
15,26,-0.895038720605476,1,0
16,26,-0.648991738684801,1,0
17,26,-0.554713238195959,1,0
18,26,-1.05154685106784,0,1
19,26,-0.103330413021971,1,0
20,26,-1.43444270083291,1,0
21,26,-1.38061851977366,1,0
22,26,-1.49939252899851,1,1
23,26,0.0220188600665074,1,0
24,26,0.0999637218155769,1,0
25,26,-0.115120629722453,1,0
26,26,-0.401538807587946,1,1
27,26,2.34462340773858,1,1
28,26,-0.97721684159472,1,0
29,26,0.897231770683923,1,1
30,26,-0.0917422928021603,0,1
31,26,-0.316511372843731,1,0
32,26,-1.40289473916771,1,0
33,26,-0.154593922358847,1,0
34,26,0.641791290227367,1,1
35,26,-1.4061189523295,1,0
36,26,-0.888763510078909,1,0
37,26,0.119647434288857,1,0
38,26,0.925436128541132,1,1
39,26,-0.680326922509986,0,0
40,26,-0.129415110209151,1,0
41,26,0.125415219451187,1,0
42,26,-0.211041269913105,1,1
43,26,0.871376775844302,1,1
44,26,1.55868046149332,1,1
45,26,0.218188257013985,0,0
46,26,0.406154741424709,1,1
47,26,-0.258207352260575,1,0
48,26,0.885284098931834,1,1
49,26,0.55852862944432,0,0
50,26,0.181784421595211,1,1
51,26,1.44813615447386,1,1
52,26,0.373202909405496,1,0
53,26,-0.395050887824348,1,0
54,26,-0.477529400114822,1,1
55,26,-0.162994019176013,1,0
56,26,-0.189010424616563,1,0
57,26,0.181362697787935,1,0
58,26,0.826168751637934,1,1
59,26,0.394415688175431,1,0
60,26,0.738584940739914,1,0
61,26,-0.271130221378117,1,0
62,26,-0.0615910730801333,1,1
63,26,0.849435367681747,1,1
64,26,-1.20822916234186,1,0
65,26,1.05770204309892,0,1
66,26,2.37434402382518,1,1
67,26,-0.400247424395949,0,0
68,26,0.991615872141664,1,1
69,26,0.96347780243364,1,0
70,26,0.0996929345932235,1,1
71,26,-0.652902175093443,1,0
72,26,-1.36200462828798,1,0
73,26,0.453020251710901,1,1
74,26,0.0108077018899916,1,1
75,26,-1.02349672317328,1,0
76,26,-1.61591997098662,0,0
77,26,-0.861437120578862,0,0
78,26,0.865796963852413,0,1
79,26,-1.00915721783396,1,0
80,26,-0.135748076591087,1,0
81,26,0.574337010641327,1,0
82,26,-2.39782906858187,1,1
83,26,0.281787803285362,1,0
84,26,0.0413166332631725,1,0
85,26,-1.85062321066213,1,0
86,26,-0.794477174820644,1,1
87,26,-0.495286259887251,1,0
88,26,-0.685880871363996,1,0
89,26,-0.5527559592242,0,0
90,26,-0.102544008769687,1,1
91,26,0.82487849615548,1,0
92,26,-0.127962465098446,1,0
93,26,-0.588270503672474,1,0
94,26,0.668188487191936,1,1
95,26,1.00514832311694,1,0
96,26,-0.142203822982975,1,0
97,26,0.864285924476959,1,0
98,26,-0.0219045936131343,1,1
99,26,-0.26473087656648,1,0
100,26,-0.913313030042956,1,0
1,27,-1.1346301818428,1,1
2,27,0.764557098985494,1,0
3,27,0.57071013812077,0,0
4,27,-1.35169392873999,1,0
5,27,-2.02988546892015,1,1
6,27,0.59047865366269,1,1
7,27,-1.41306996358893,1,0
8,27,1.61034155096049,1,1
9,27,1.84044254689097,0,1
10,27,1.36829790968081,1,1
11,27,-1.25557313458956,1,0
12,27,-1.38434708819005,1,0
13,27,-0.0195796792576955,1,1
14,27,0.162585654762545,1,0
15,27,-0.134708351469953,1,0
16,27,-0.0847986379498059,1,0
17,27,-0.572961857183522,1,1
18,27,1.66760643628207,1,1
19,27,-0.57670173483092,1,0
20,27,0.301856343087538,1,0
21,27,-0.389822327794674,1,1
22,27,-0.805946268792022,1,0
23,27,-0.650873892773728,0,0
24,27,-1.82620269735605,1,0
25,27,-0.0998313939175012,1,1
26,27,0.129403465792139,1,0
27,27,0.415468902905128,1,0
28,27,1.3115125574602,1,1
29,27,-1.65570825100467,1,1
30,27,-0.555518890306087,1,0
31,27,-1.63979745668635,1,0
32,27,0.288930606422243,0,0
33,27,2.29175453252274,1,1
34,27,0.872090099529049,1,0
35,27,-0.370114642377036,1,0
36,27,1.29852927826183,1,1
37,27,-0.15519373562607,1,1
38,27,0.318035556532309,1,0
39,27,-0.0709682295197474,1,0
40,27,0.183467326903339,1,0
41,27,0.779089289817375,1,1
42,27,-1.25669644706702,1,0
43,27,1.99328644783871,1,1
44,27,-0.350776637919525,1,0
45,27,0.401038505345246,1,1
46,27,2.13461852406157,0,1
47,27,-0.0722660702719278,1,0
48,27,-0.602377695270377,1,0
49,27,2.05287473298647,1,1
50,27,-0.991805072467591,1,0
51,27,0.135312616477779,1,0
52,27,-0.457603231932288,1,0
53,27,-0.0484211669988644,1,1
54,27,-0.19229395990202,1,0
55,27,-1.02085356653403,1,0
56,27,-1.44082676770872,1,0
57,27,0.761668709487659,1,1
58,27,0.69748265567878,1,0
59,27,-1.05036534338685,1,0
60,27,-1.48372736501669,1,0
61,27,-0.0269766300158649,1,1
62,27,0.942514901661897,1,0
63,27,-0.628989535204932,1,0
64,27,-0.630801058988671,1,0
65,27,-1.02381287994832,1,1
66,27,0.789062112207682,1,0
67,27,1.20051618702017,1,1
68,27,1.25257285890143,1,1
69,27,-0.694027820193272,1,1
70,27,-0.536148634447886,0,0
71,27,0.0889765702831961,1,0
72,27,1.0294935179188,1,1
73,27,0.521158645287441,1,1
74,27,-0.518499263144568,1,0
75,27,0.644817676482925,1,0
76,27,0.324829166813954,1,0
77,27,0.523367701532602,1,1
78,27,-1.49540227033853,1,0
79,27,-0.0596574319677553,1,1
80,27,0.175529800480331,1,0
81,27,-0.951188433964526,1,1
82,27,0.464113223267336,1,0
83,27,0.910891997663999,1,1
84,27,-0.806197384720587,1,0
85,27,0.21367137782751,1,1
86,27,-1.12035277041499,1,0
87,27,0.330787779232092,1,0
88,27,-0.0777971065716743,1,0
89,27,0.923034675469875,0,1
90,27,-0.749452861514057,1,0
91,27,0.854155162777532,1,0
92,27,-0.411871795704936,1,0
93,27,-0.0308414419021804,1,1
94,27,0.352909444491459,1,0
95,27,1.33281476855882,1,1
96,27,-0.397300785373748,1,0
97,27,0.713244597380488,1,1
98,27,-1.50490055531226,1,0
99,27,-0.986963822283592,1,0
100,27,-0.0217783561188168,1,0
1,28,0.408312918573588,1,0
2,28,0.426058512296022,1,0
3,28,-1.10116583029324,1,0
4,28,-0.332349688483369,1,1
5,28,0.230207587652991,1,0
6,28,-1.17115340491163,1,0
7,28,0.591369538104525,1,0
8,28,0.147276022567978,1,1
9,28,0.347951207982542,1,0
10,28,0.485813575523106,1,0
11,28,-0.847731136222292,1,0
12,28,0.626973301904459,1,1
13,28,0.479338419746448,1,0
14,28,1.45524438210113,1,0
15,28,-2.74065267072482,1,0
16,28,0.765892847300955,1,1
17,28,-2.35895358301454,1,0
18,28,-1.27196213516537,0,0
19,28,-0.428374386987539,1,0
20,28,-0.438388143490528,1,1
21,28,-0.462495627433044,1,0
22,28,-1.13061166997732,1,0
23,28,-1.32166372557291,1,0
24,28,0.14896529316733,1,1
25,28,-1.60396193394315,1,0
26,28,0.434257465623256,0,0
27,28,-0.229863967854201,1,0
28,28,0.549099472803757,1,1
29,28,0.00676956777443672,0,0
30,28,-1.75086937624733,1,0
31,28,-0.445505932145011,1,0
32,28,0.521403799517939,1,1
33,28,0.415691765588317,1,0
34,28,1.00812944995673,1,1
35,28,0.69070062843697,1,0
36,28,-0.948305120314812,1,1
37,28,-0.465066145255398,1,0
38,28,1.25485699219788,1,1
39,28,0.333757642356214,1,0
40,28,0.202687858632212,1,1
41,28,1.42024038155086,1,1
42,28,0.489544016044625,1,1
43,28,-0.63555085236265,1,0
44,28,1.499066838108,1,1
45,28,2.38465628452736,1,1
46,28,0.0148794173942977,1,0
47,28,1.15049126108171,1,1
48,28,-0.879528021897158,1,1
49,28,-1.47459307530246,1,0
50,28,-0.200899041202627,1,0
51,28,-1.50071882862244,1,0
52,28,1.97332832066431,1,1
53,28,0.592827814231592,1,0
54,28,-0.897795931315966,1,0
55,28,2.06808613025328,1,1
56,28,-0.411501791237211,1,1
57,28,0.0500931824340485,1,0
58,28,-0.149196924845244,1,0
59,28,0.0331150400668816,1,0
60,28,0.480476390538912,1,1
61,28,-1.09867070066783,1,0
62,28,0.333146177936074,1,0
63,28,-1.2730328244313,1,0
64,28,-0.501885015551968,1,1
65,28,-0.0656163018682109,1,0
66,28,-1.65685378500014,1,0
67,28,-0.00814384231639578,1,0
68,28,0.920592981162441,1,1
69,28,0.383226342731421,1,0
70,28,-0.730588635821384,1,0
71,28,0.703331302233232,1,1
72,28,-0.418622401645369,1,1
73,28,1.46742960819724,1,1
74,28,0.0804162714614864,1,0
75,28,-0.15182541648089,1,0
76,28,1.01542060086146,1,1
77,28,0.328039731828125,0,0
78,28,-0.576973172799859,1,0
79,28,1.30930989880338,1,1
80,28,-1.13678908856782,1,1
81,28,-0.880663913914665,1,0
82,28,-0.485583014637264,1,0
83,28,0.227432805485141,1,0
84,28,-0.0664613489790137,1,1
85,28,0.35161359097422,1,0
86,28,0.686252748172832,1,0
87,28,-0.298624133090586,1,0
88,28,2.08893895537066,1,1
89,28,-2.21465093767321,1,0
90,28,-1.24069478036819,1,0
91,28,0.763610717323856,1,0
92,28,0.151021480693103,0,1
93,28,0.242267804187404,1,0
94,28,0.472579572380746,1,0
95,28,-0.49800932782804,1,0
96,28,-0.616013685116782,1,1
97,28,0.0207280482276576,1,0
98,28,-0.412831728375516,1,0
99,28,0.412128491301367,1,0
100,28,-1.33826080996467,1,1
